NOME_PARLAMENTAR,Agricultura,Assistência Social,Ciência e Tecnologia,Comércio e Serviços,Cultura,Defesa Nacional,Desporto e Lazer,Direitos da Cidadania,Gestão Ambiental,Indústria,Organização Agrária,Outros,Saneamento,Saúde,Segurança Pública,Trabalho,Urbanismo
ABEL SALVADOR MESQUITA JUNIOR,0,0,0,0,0,3000,0,0,0,0,0,3929,0,0,0,0,0
ABELARDO CAMARINHA,0,11665.61,234296.3,0,0,0,0,0,234296.3,234296.3,0,0,1274496.28,0,0,0,1508792.58
ABELARDO LUPION,0,206073.89,0,12500,12500,0,0,0,0,0,184792.62,0,132487.12,0,0,0,132487.12
ABERLADO CAMARINHA,0,0,0,0,0,0,0,0,0,0,0,0,70769.45,0,0,0,70769.45
ACELINO POPO,0,925698.77,0,44556.25,44556.25,0,252265.23,0,0,0,925698.77,0,1546956.55,0,0,0,1546956.55
ACIR GURGACZ,0,88947,0,0,0,920420.5,0,0,0,0,88947,0,0,1200.53,0,0,0
ADALBERTO CAVALCANTI,0,0,0,13000,13000,0,30250,0,0,0,0,0,0,0,0,0,0
ADELSON BARRETO,0,0,0,0,0,0,0,0,0,0,0,0,0,0,0,0,0
ADEMIR CAMILO,0,7000,0,31824.19,31824.19,0,256720.51,0,0,0,0,0,598573.47,1050,0,0,598573.47
ADILTON SACHETTI,0,0,0,0,0,0,6250,0,0,0,0,231944.88,47180.15,0,0,0,47180.15
ADRIAN,32400,0,0,231270,231270,0,10000,0,0,0,0,62000,160773,0,0,0,160773
AECIO NEVES,0,0,0,0,0,0,0,0,0,0,0,0,103507.73,6000,0,0,103507.73
AELTON FREITAS,494527.77,25871.25,0,32461.71,32461.71,0,148731.53,0,0,0,0,1e+05,636917.65,22129.98,0,0,636917.65
AFONSO FLORENCE,0,132754,0,0,10860,0,32596.8,0,0,0,132754,30870,297757.54,42400.4,0,0,297757.54
AFONSO HAMM,1439735.29,3500,0,79539.24,79539.24,0,26100,0,0,0,0,0,1717437.34,4120,0,0,1717437.34
AFONSO MOTTA,19250,0,0,0,5000,0,17500,0,0,0,0,0,90578.4,10000,0,0,90578.4
AGUINALDO RIBEIRO,6250,0,0,3425,3425,0,6532.5,0,0,0,0,0,66652.49,0,0,0,66652.49
AKIRA OTSUBO,1380.8,0,0,49512.02,49512.02,0,0,0,0,0,0,0,1706388.91,0,0,0,1706388.91
ALAN RICK,0,0,0,0,0,0,4402.58,0,0,0,0,0,0,0,0,0,0
ALBERTO FILHO,92844.21,0,0,150060,150060,0,63750,0,0,0,0,403680.5,90664,0,0,0,90664
ALCEU MOREIRA,1500783.14,358656.8,0,173295.57,173295.57,0,430247.57,0,0,101000,0,2050,5000,117070,0,0,5000
ALESSANDRO MOLON,0,0,63367.32,0,0,0,0,364514.73,0,0,0,0,0,0,364514.73,0,0
ALEX CANZIANI,189033.94,4000,329988,9700,9700,0,66406,0,329988,329988,0,25000,51406.45,76579.2,0,0,381394.45
ALEX MANENTE,0,0,0,26227.27,26227.27,0,0,0,0,0,0,0,0,0,0,0,0
ALEXANDRE BALDY,36950,0,0,120,120,0,0,0,0,0,0,0,42529.26,0,0,0,42529.26
ALEXANDRE LEITE,0,0,0,27839.19,27839.19,0,19179.71,0,0,0,0,0,1069668.54,156516.32,0,0,1069668.54
ALEXANDRE ROSO,228788.74,9500,0,30696.29,30696.29,0,26355.19,0,0,0,0,0,611798.15,21036,0,0,611798.15
ALEXANDRE SANTOS,12500,20000,0,73750,73750,0,52500,10113.55,0,0,0,0,915178.87,0,10113.55,0,915178.87
ALEXANDRE SERFIOTIS,0,0,0,0,0,0,26250,0,0,0,0,0,0,0,0,0,0
ALEXANDRE SILVEIRA,116437.98,0,0,11179.91,11179.91,0,896.08,0,0,0,0,0,321466.46,0,0,0,321466.46
ALEXANDRE TOLEDO,0,0,0,0,0,0,0,0,0,0,0,110000,135589.86,0,0,0,135589.86
ALFREDO KAEFER,560517.32,0,0,60259.48,60259.48,0,223005.25,0,0,0,0,0,539259.58,0,0,0,539259.58
ALFREDO NASCIMENTO,0,0,0,0,0,225252.46,0,0,0,0,0,17500,0,0,0,0,0
ALFREDO SIRKIS,0,0,0,0,0,0,0,0,290000,0,0,0,0,0,0,0,0
ALICE PORTUGAL,0,81048,0,9762.1,9762.1,0,345603.72,0,0,0,81048,196428.41,259642.66,0,0,0,259642.66
ALIEL MACHADO,168300,0,0,0,8000,0,86775,0,0,0,0,0,0,0,0,0,0
ALINE CORREA,0,23795.79,0,0,0,0,10445,0,0,0,0,22500,1763963.78,66240,0,0,1763963.78
ALMEIDA LIMA,11250,0,3912.39,385982.27,385982.27,0,72462.86,0,3912.39,3912.39,0,0,63816.26,0,0,0,67728.65
ALOYSIO NUNES FERREIRA,0,3040,0,0,0,0,0,0,0,0,0,0,0,111097.43,0,0,0
ALTINEU CORTES,0,0,0,0,0,0,0,0,0,0,0,0,323361,0,0,0,323361
ALUISIO MENDES,0,0,0,0,0,0,0,0,0,0,0,112587.85,0,0,0,0,0
ALVARO DIAS,345504.6,96566.88,259969.34,0,0,0,81813.91,0,259969.34,259969.34,0,44000,82192.6,31466.65,0,0,342161.94
AMAURI TEIXEIRA,0,186190.27,0,6250,12500,0,127198.04,0,0,0,186190.27,609588.43,92175.84,16000,0,0,92175.84
AMIR LANDO,14772.73,0,0,0,0,183205.02,0,0,0,0,0,0,0,0,0,0,0
ANA AMELIA,801838.72,0,0,355800.05,355800.05,0,6250,0,0,0,0,0,1922185.09,182902.39,0,0,1922185.09
ANA PERUGINI,0,0,0,0,0,0,0,0,0,0,0,0,132384.64,0,0,0,132384.64
ANA RITA,691444.54,280627.12,0,0,0,0,157846.56,0,8695.65,0,19869,142244.37,50000,92109.84,0,56642,50000
ANDERSON FERREIRA,373950,0,0,260218.95,260218.95,0,0,0,0,0,0,0,0,6117212.13,0,0,0
ANDRE  VARGAS,280792.54,324593,0,82299.47,89299.47,0,1022125.99,0,0,0,324593,0,2046113.69,69250,0,0,2046113.69
ANDRE DE PAULA,0,0,0,0,0,0,0,0,0,0,0,0,36500,0,0,0,36500
ANDRE FIGUEIREDO,10000,0,12123,34445.19,34445.19,0,184411.98,0,12123,12123,0,0,294947.06,0,0,0,307070.06
ANDRE FUFUCA,0,0,0,13310.35,13310.35,0,0,0,0,0,0,18250,0,0,0,0,0
ANDRE MOURA,78525,0,0,107729.63,107729.63,0,65075.24,0,0,0,0,0,224241,0,0,0,224241
ANDRE ZACHAROW,383266.42,15463.91,0,57295.73,162688.08,0,121270.7,0,0,0,0,6600,241630.22,0,0,0,241630.22
ANDREIA  ZITO,0,0,0,42595.66,42595.66,0,20667.48,0,0,0,0,4500,102366.1,19200,0,0,102366.1
ANDRES SANCHEZ,0,0,0,0,0,0,15600,0,0,0,0,0,0,0,0,0,0
ANGELA PORTELA,0,0,0,195000,195000,807860.6,0,0,0,0,0,0,0,0,0,0,0
ANGELIM,0,0,0,0,0,0,1296.14,0,0,0,0,0,0,0,0,0,0
ANGELO AGNOLIN,99328.33,0,0,145606.57,145606.57,0,48625,0,0,0,0,0,205576.07,171425.85,0,0,205576.07
ANGELO VANHONI,9875,41200,0,608137.38,616831.19,0,76484.56,0,0,0,9950,0,1379759.11,0,0,0,1379759.11
ANIBAL DINIZ,0,300,2648.68,121875,121875,223491.58,590070.59,94570.38,0,0,300,70552.56,1900,0,94570.38,40057.48,1900
ANIBAL GOMES,57200,0,0,550806.98,550806.98,0,0,0,0,0,0,0,409546.74,75000,0,0,409546.74
ANSELMO DE JESUS,0,92077.83,0,0,0,158103.52,0,0,0,0,92077.83,0,0,1500,0,0,0
ANTHONY GAROTINHO,51241.31,0,0,0,0,0,2957531.63,0,0,0,0,0,79432.8,40267,0,0,79432.8
ANTONIA LUCIA,0,0,0,0,0,264184.59,63300,0,0,0,0,0,0,0,0,0,0
ANTONIO ANASTASIA,0,0,0,0,29539.38,0,0,0,0,0,0,0,14717.42,0,0,0,14717.42
ANTONIO ANDRADE,300514.5,6200,0,0,0,0,32500,0,0,0,0,0,265697.29,0,0,0,265697.29
ANTONIO AURELIANO,0,0,0,0,0,0,0,0,0,0,0,0,0,0,0,0,0
ANTONIO BALHMANN,27200,0,200886.32,75487.32,75487.32,0,164859.32,0,200886.32,200886.32,0,2751,114577.24,2875374.49,0,0,315463.56
ANTONIO BRITO,40909.04,57432,0,33958.75,33958.75,0,48334.77,160000,0,0,57432,0,213998.01,0,160000,0,213998.01
ANTONIO BULHOES,0,0,0,580358.06,580358.06,0,0,15455,0,0,0,0,5399206.84,3891264.72,15455,0,5399206.84
ANTONIO CARLOS MENDES THAME,0,0,0,0,0,0,0,0,0,0,0,0,0,157266.21,0,0,0
ANTONIO CARLOS RODRIGUES,0,189129.1,0,0,92167.32,0,177770.65,0,0,0,189129.1,0,109457.87,69000,0,0,109457.87
ANTONIO CARLOS VALADARES,6686.8,0,57350,233555.37,291720.37,0,14391.22,0,57350,57350,0,1500,166619.99,0,0,0,223969.99
ANTONIO IMBASSAHY,5850,0,0,0,0,0,86192.08,0,0,0,0,0,539414.4,666.66,0,0,539414.4
ANTONIO JACOME,0,0,0,6250,6250,0,13000,0,0,0,0,0,8550,0,0,0,8550
ANTONIO ROBERTO,0,204240,0,6250,16351,0,0,0,0,0,201840,550000,841602.83,0,0,0,841602.83
ANTONIO RUSSO,0,13940,0,0,0,0,0,0,0,0,13940,0,0,30000,0,0,0
ARACELY DE PAULA,260928.99,0,0,0,0,0,21931.43,0,0,0,0,0,47882.01,0,0,0,47882.01
ARIOSTO HOLANDA,0,0,237400,15384.7,15384.7,0,15719,0,65000,65000,0,0,52929.43,0,0,0,117929.43
ARLINDO CHINAGLIA,315933.35,0,273925,98650.12,98650.12,0,42421.52,0,41200,41200,0,0,228650.38,0.1,0,0,269850.38
ARMANDO MONTEIRO,87810,0,0,265872,265872,0,22000,0,0,0,0,4500,349257.37,6117212.13,0,0,349257.37
ARMANDO VERGILIO,20000,0,0,93497.5,93497.5,0,316239.4,0,0,0,0,247582,451482.82,93025,0,0,451482.82
ARNALDO FARIA DE SA,133513,0,0,412987.72,412987.72,0,1676714.03,0,0,0,0,0,656516.04,2160,0,0,656516.04
ARNALDO JARDIM,125620,0,0,23324.56,23324.56,0,967123.63,0,0,0,0,0,802998.51,19830,0,0,802998.51
ARNALDO JORDY,82703.07,0,0,27175,27175,0,0,0,0,0,0,5000,8000,0,0,0,8000
ARNON BEZERRA,25000,0,475525.66,196287.15,217087.15,0,0,0,475525.66,475525.66,0,0,0,0,0,0,475525.66
AROLDE DE OLIVEIRA,0,0,0,346048.56,346048.56,0,335186.47,0,0,0,0,0,1000,0,0,0,1000
ARTHUR LIRA,0,0,50000,977,977,0,0,0,50000,50000,0,0,537194.85,0,0,0,587194.85
ARTHUR OLIVEIRA MAIA,960769.77,0,0,22500,22500,0,117033.11,0,0,0,0,0,88011.06,577704.36,0,0,88011.06
ARTUR BRUNO,2500,0,5103,0,16041,0,281052.24,0,5103,5103,0,0,296983.16,0,0,0,302086.16
ASDRUBAL BENTES,113220.64,0,0,0,0,0,235882.55,0,0,0,0,0,830985.53,2770.16,0,0,830985.53
ASSIS CARVALHO,0,0,0,22500,22500,0,43237.15,0,0,0,0,732476.72,1590580.4,0,0,0,1590580.4
ASSIS DO COUTO,353120.3,565722.77,0,71750,71750,0,123966.55,0,0,60000,565722.77,314220.78,610091.77,0,0,0,610091.77
ASSIS MELO,127279.74,164000,0,66580.74,148657.46,0,1607018.04,0,0,0,164000,24000,1268535.75,5120,0,0,1268535.75
ATAIDES OLIVEIRA,0,0,5000,5000,5000,0,0,0,5000,5000,0,0,108379.3,2700,0,0,113379.3
ATILA LINS,0,0,0,40296.62,40296.62,606013.68,28442.26,0,0,0,0,0,0,0,0,0,0
ATILA LIRA,0,0,0,0,0,0,0,0,0,0,0,0,81332.02,134182.5,0,0,81332.02
AUDIFAX,262633.52,0,262173.91,371875,371875,0,0,0,262173.91,262173.91,0,0,0,0,0,0,262173.91
AUGUSTO COUTINHO,82100,0,0,43771,43771,0,42910,0,0,0,0,45000,313781.39,10412480.93,0,0,313781.39
AUREO,0,130300,0,0,0,0,140154.34,0,0,0,0,0,498724.08,20408.16,0,0,498724.08
BALEIA ROSSI,0,6250,0,0,0,0,471.72,0,0,0,0,0,17848.34,0,0,0,17848.34
BANCADA DE PERNAMBUCO,0,0,0,0,0,0,0,0,0,0,0,0,0,12234424.26,0,0,0
BEBETO,0,0,0,0,0,0,78804.35,0,0,0,0,0,0,0.03,0,0,0
BENEDITA DA SILVA,32280,104349.25,0,55000,55000,0,512460.3,0,0,0,0,501590.83,57692.27,0,0,8399.7,57692.27
BENEDITO DE LIRA,0,0,0,346175.85,356903.85,0,44012.78,0,0,0,0,0,304777.64,0,0,0,304777.64
BENITO GAMA,8000,0,0,10000,10000,0,2925,0,0,0,0,0,74372.92,0,0,0,74372.92
BENJAMIN MARANHAO,64777.5,0,42244.65,12683,12683,0,70267.5,0,42244.65,42244.65,0,0,49116.95,0,0,0,91361.6
BERINHO BANTIM,0,0,0,0,0,518152.18,0,0,0,0,0,0,0,0,0,0,0
BERNARDO SANTANA DE VASCONCELLOS,390763.14,0,0,34438.21,34438.21,0,152691.32,0,0,0,0,0,365382.68,90000.68,0,0,365382.68
BETINHO GOMES,0,0,0,0,0,0,0,0,0,0,0,0,14718.15,0,0,0,14718.15
BETINHO ROSADO,0,117688.51,53950,32925.05,32925.05,0,223926.41,0,53950,53950,117688.51,201,151031.26,95269.62,0,0,204981.26
BETO ALBUQUERQUE,0,64533,0,527397.5,527397.5,0,540538.4,795578.33,0,0,64533,0,292980.11,92500,795578.33,0,292980.11
BETO FARO,0,0,0,0,0,0,380257.66,0,0,0,0,206635.6,109928.69,117500,0,0,109928.69
BETO MANSUR,5409,0,0,0,0,0,0,0,0,0,0,0,4730325.64,42949.6,0,0,4730325.64
BETO ROSADO,0,0,0,0,0,0,0,0,0,0,0,0,34630,0,0,0,34630
BETO SALAME,0,0,0,0,0,0,0,0,0,0,0,0,276938.18,0,0,0,276938.18
BIFFI,39745,0,0,0,37370,0,50500,0,0,0,0,33863.89,1533222.03,1719887.45,0,0,1533222.03
BILAC PINTO,49250,0,0,0,0,0,128007.26,0,0,0,0,0,376891.48,0,0,0,376891.48
BLAIRO MAGGI,4451.05,0,0,95557.98,95557.98,0,0,0,0,0,0,0,694300.81,0.01,0,0,694300.81
BOHN GASS,547182.54,991033.55,0,25000,25000,0,229004.33,0,0,0,961033.55,0,407104.82,73198.04,0,0,407104.82
BONIFACIO DE ANDRADA,0,0,1250000,0,0,0,0,0,0,0,0,0,225432.29,0,0,0,225432.29
BRUNA FURLAN,0,0,0,0,43681.54,0,97500,62104,0,0,0,0,723449.54,0,62104,0,723449.54
BRUNNY,0,0,0,0,0,0,23092.5,0,0,0,0,0,0,0,0,0,0
BRUNO ARAUJO,407417,0,152283,96847.26,96847.26,0,419106.33,0,1e+05,1e+05,0,0,65595,50000,0,0,165595
BRUNO COVAS,0,0,0,0,0,0,0,0,0,0,0,0,9885.8,0,0,0,9885.8
CABO DACIOLO,0,0,0,0,0,0,0,0,0,0,0,0,0,0,0,0,0
CABO SABINO,0,0,0,0,0,0,0,0,0,0,0,0,1900,0,0,0,1900
CACA LEAO,0,0,0,0,0,0,0,0,0,0,0,0,3080,0,0,0,3080
CAETANO,0,0,0,0,0,0,12500,0,0,0,0,0,0,0,0,0,0
CAMILO COLA,115759.11,0,0,0,0,0,156357.77,0,0,0,0,0,0,0.02,0,0,0
CANDIDO VACCAREZZA,0,0,0,139732,139732,0,257110.7,0,0,0,0,0,1011009.92,0,0,0,1011009.92
CAPITAO AUGUSTO,0,0,0,0,0,0,8500,0,0,0,0,0,36999.08,100,0,0,36999.08
CARLINHOS DE ALMEIDA,0,0,0,0,0,0,158264.79,0,0,0,0,2000,0,0,0,0,0
CARLOS ALBERTO LEREIA,25000,0,0,78000,78000,0,40000,0,0,0,0,0,230667.32,27025,0,0,230667.32
CARLOS ANDRADE,0,0,0,0,0,0,0,0,0,0,0,1498.83,0,0,0,0,0
CARLOS BEZERRA,28544.67,0,1e+05,22136.5,22136.5,0,0,0,0,0,0,735262.93,0,0.79,0,0,0
CARLOS BRANDAO,171176,0,0,0,0,0,0,0,0,0,0,46000,0,0,0,0,0
CARLOS EDUARDO CADOCA,30000,0,169650.13,82861.14,180493.14,0,42160,0,169650.13,169650.13,0,0,188462.51,6137212.13,0,0,358112.64
CARLOS GOMES,19250,0,0,29946.28,29946.28,0,355952.76,0,0,0,0,0,0,0,0,0,0
CARLOS MAGNO,90565.66,106938.44,0,0,0,620003.85,33976.36,0,0,0,49038.77,0,0,0,0,0,0
CARLOS MANATO,0,10425,0,12500,12500,0,364210.28,0,0,0,0,89321.25,0,0,0,0,0
CARLOS MELLES,47281.83,0,0,15822.73,15822.73,0,113803.16,0,0,0,0,5000,624611.07,57784.96,0,0,624611.07
CARLOS ROBERTO,0,0,0,0,0,0,0,0,0,0,0,0,1993682.67,0.2,0,0,1993682.67
CARLOS SAMPAIO,0,0,0,0,0,0,5133330.49,0,0,0,0,0,36869.29,0,0,0,36869.29
CARLOS SOUZA,25000,0,0,0,0,173575,246040.48,0,0,0,0,0,6900,0,0,0,6900
CARLOS ZARATTINI,56264.29,0,0,14128,14128,0,1017044.56,60848,0,0,0,21010.1,1684525.49,0,60848,5625.85,1684525.49
CARMEN ZANOTTO,23900,0,0,5000,5000,0,0,0,0,0,0,0,0,0,0,0,0
CASILDO MALDANER,734961.93,0,0,473676.8,473676.8,0,23218.49,0,0,0,0,0,909589.47,0,0,0,909589.47
CASSIO CUNHA LIMA,0,108018,0,4684.8,4684.8,0,0,0,0,0,108018,0,1068377.55,326471.5,0,0,1068377.55
CELIO SILVEIRA,0,0,0,0,0,0,6250,0,0,0,0,0,6415.41,0,0,0,6415.41
CELSO JACOB,0,0,0,0,0,0,0,0,0,0,0,74897.96,64305.41,236176.7,0,0,64305.41
CELSO MALDANER,363207.87,510216.91,0,71989.19,71989.19,0,782016.53,0,0,0,418920.94,0,751541.74,0,0,0,751541.74
CELSO RUSSOMANNO,0,0,0,0,0,0,0,0,0,0,0,0,0,3500,0,0,0
CESAR COLNAGO,1094846.16,2650,0,67000,67000,0,247883.77,25000,0,0,0,0,10312.45,620,25000,0,10312.45
CESAR HALUM,203167,0,0,466318.1,466318.1,0,42375,0,0,0,0,500,396171.79,0,0,0,396171.79
CESAR MESSIAS,0,0,0,0,0,0,0,0,0,0,0,0,0,0,0,0,0
CESAR SOUZA,6250,0,0,0,0,0,0,0,0,0,0,0,0,0,0,0,0
CEZAR SILVESTRE,0,0,0,0,0,0,17500,0,0,0,0,0,56328,0,0,0,56328
CHICO ALENCAR,0,0,0,0,0,0,0,267061.2,0,0,0,57255,0,0,267061.2,0,0
CHICO D'ANGELO,0,0,0,0,0,0,0,0,0,0,0,0,148200,0,0,0,148200
CHICO DAS VERDURAS,0,0,0,0,0,104960.38,0,0,0,0,0,0,0,0,0,0,0
CHICO LOPES,55000,1002,11000,0,0,0,721721.21,0,11000,11000,0,61827.13,968510.23,0,0,0,979510.23
CHRISTIANE DE SOUZA YARED,38406.25,0,0,0,0,0,0,0,0,0,0,0,0,0,0,0,0
CICERO ALMEIDA,0,0,0,0,0,0,0,0,0,0,0,0,0,0,0,0,0
CICERO LUCENA,0,0,0,0,0,0,0,0,0,0,0,0,72431.1,2850,0,0,72431.1
CIDA BORGHETTI,0,14714.78,0,216847.65,241069.65,0,151328.04,0,0,0,0,45000,911902.63,12310.62,0,0,911902.63
CIDINHO SANTOS,0,0,0,32398,32398,0,0,0,0,0,0,202991.58,173332.91,0,0,0,173332.91
CIRO NOGUEIRA,0,0,0,0,0,0,0,0,0,0,0,153214.96,2375893.81,0,0,0,2375893.81
CLAUDIO CAJADO,339108.94,0,24826.53,151160.82,151160.82,0,131641.25,0,16326.53,16326.53,0,52960,259603.74,1000,0,0,275930.27
CLAUDIO PUTY,0,84782.34,0,0,0,0,0,0,0,0,84782.34,0,302215.57,0,0,0,302215.57
CLEBER VERDE,0,0,0,158326.73,158326.73,0,1000,0,0,0,0,185056.74,15100,0,0,0,15100
CLESIO ANDRADE,0,0,0,0,0,0,0,0,0,0,0,0,0,3178.16,0,0,0
COLBERT MARTINS,37375,0,0,8750,8750,0,0,0,0,0,0,0,3361.16,0,0,0,3361.16
COMISSAO DE DESENVOLVIMENTO REGIONAL E TURISMO - CDR,0,0,113000,1351028.69,1351028.69,0,0,0,113000,113000,0,0,0,0,0,0,113000
COMISSAO DE DESENVOLVIMENTO URBANO - CDU,0,0,0,0,0,0,0,0,0,0,0,0,7093067.38,0,0,0,7093067.38
"COMISSAO DE INTEGRACAO NACIONAL, DESENVOLVIMENTO REGIONAL E DA AMAZONIA - CINDRA",0,0,178897.3,0,0,0,0,0,178897.3,178897.3,0,0,0,0,0,0,178897.3
"COMISSAO MISTA DE PLANOS, ORCAMENTOS PUBLICOS E FISCALIZACAO",1806068.45,1450661.78,2967049.47,563038.36,563038.36,4837037.92,267615.15,1735345.13,2953949.47,2940549.47,947554.39,1964533.72,8940475.2,2553675.56,1735345.13,50000,11881024.67
COSTA FERREIRA,12500,0,0,103135.07,103135.07,0,0,0,0,0,0,48929.75,48800,0,0,0,48800
COVATTI FILHO,26100,0,0,48312.5,48312.5,0,37500,0,0,0,0,0,23450,900,0,0,23450
CRISTOVAM BUARQUE,0,90000,0,0,0,0,0,73799.85,0,0,0,0,0,0,73799.85,0,0
CYRO MIRANDA,31750,199000,0,6250,6250,0,0,0,0,0,0,0,179014.44,0,0,0,179014.44
DALIRIO BEBER,50750,0,0,0,0,0,0,0,0,0,0,0,2031.92,0,0,0,2031.92
DALVA FIGUEIREDO,0,0,0,0,30619.52,235312.52,0,0,0,0,0,75000,0,0,0,0,0
DAMIAO FELICIANO,89245,0,0,114683.24,114683.24,0,356592.9,0,0,0,0,13552,23410.45,20000,0,0,23410.45
DAMINA PEREIRA,7500,0,0,62500,62500,0,35258.87,0,0,0,0,0,0,0,0,0,0
DANIEL ALMEIDA,19078.95,630177,0,23500,23500,0,85008.81,0,0,0,630177,23464.93,231172.51,0,0,0,231172.51
DANIEL COELHO,0,0,0,0,0,0,0,0,0,0,0,0,15798,0,0,0,15798
DANIEL VILELA,32250,0,0,105118.82,105118.82,0,20449.62,0,0,0,0,0,4700,0,0,0,4700
DANILO CABRAL,337500,0,0,0,0,0,0,0,0,0,0,0,7521,0,0,0,7521
DANILO FORTE,211029.86,0,9000,85408.5,85408.5,0,267654.33,0,9000,9000,0,393485.25,148879.65,0,0,0,157879.65
DANRLEI DE DEUS HINTERHOLZ,538507,0,0,33250,33250,0,760619.17,0,0,0,0,175000,349310.83,292478.24,0,0,349310.83
DARCISIO PERONDI,1740631.42,51990,37788,75814.85,98314.85,0,358116.89,0,0,0,0,0,685450.62,18600,0,0,685450.62
DARIO BERGER,282775.75,0,0,13952.19,13952.19,0,0,0,0,0,0,0,0,0,0,0,0
DAVI ALCOLUMBRE,0,0,0,0,0,518046.22,0,30000,0,0,0,0,0,0,30000,0,0
DAVI ALVES SILVA JUNIOR,50224.24,0,0,0,0,0,0,0,0,0,0,0,53947.58,0,0,0,53947.58
DAVIDSON MAGALHAES,0,0,0,2500,2500,0,0,0,0,0,0,0,0,0,0,0,0
DECIO LIMA,0,1613788.79,0,170471.49,170471.49,0,157676.11,0,0,0,1470655.51,0,1948945.57,25000,0,0,1948945.57
DELCIDIO DO AMARAL,0,283200,0,120623.65,123327.61,0,510413.33,0,0,0,283200,0,1911146.78,885676.84,0,0,1911146.78
DELEGADO EDER MAURO,0,0,0,0,0,0,0,0,0,0,0,0,79008,0,0,0,79008
DELEGADO EDSON MOREIRA,0,0,0,0,0,0,9801.84,0,0,0,0,0,0,1.12,0,0,0
DELEGADO PROTOGENES,0,0,36800,20733.44,210149.24,0,644799.87,10000,0,0,0,255072.89,833052.63,0,10000,0,833052.63
DELEGADO WALDIR,2500,0,0,0,0,0,0,0,0,0,0,0,7950,0,0,0,7950
DELEY,0,107500,0,0,0,0,84813.4,0,0,0,0,0,170483.99,0,0,0,170483.99
DEVANIR RIBEIRO,75981.5,0,0,31144.64,41074.64,0,0,0,0,0,0,40000,1204732.02,150,0,0,1204732.02
DIEGO ANDRADE,387153.72,0,0,34888.4,34888.4,0,661149.1,0,0,0,0,0,181995.33,210.92,0,0,181995.33
DIEGO GARCIA,44667,94000,0,13136.47,13136.47,0,27250,0,0,0,0,0,4150,0,0,0,4150
DILCEU SPERAFICO,913307.07,395358.94,51125,32250,48250,0,448221.72,0,51125,70730.44,159998,33000,611783.65,0,0,0,662908.65
DIMAS FABIANO,388420.22,260959.55,5e+05,0,0,0,163973.81,0,0,0,260959.55,0,509062.98,32750,0,0,509062.98
DOMINGOS DUTRA,97500,125371.97,1e+05,12500,12500,0,37500,0,0,0,125371.97,32000,54774,20000,0,0,54774
DOMINGOS NETO,87020,0,54496.7,8813.85,180371.95,0,0,0,54496.7,54496.7,0,123904.12,0,0,0,0,54496.7
DOMINGOS SAVIO,172582.18,0,0,0,0,0,43214.4,558375.25,0,0,0,157771.33,742806.77,15750,558375.25,0,742806.77
DONIZETI NOGUEIRA,2000,0,0,0,0,0,0,0,0,0,0,36542.55,0,0,0,0,0
DOUGLAS CINTRA,0,0,0,0,0,0,0,0,0,0,0,0,7606,0,0,0,7606
DR. ADILSON SOARES,0,293400,0,11305,11305,0,0,0,0,0,293400,0,1161264.05,0,0,0,1161264.05
DR. CARLOS ALBERTO,0,95372,0,41195.65,41195.65,0,0,0,0,0,95372,5100,252400,0,0,0,252400
DR. GRILO,0,0,0,14253.18,14253.18,0,0,0,0,0,0,0,77410.45,0,0,0,77410.45
DR. JORGE SILVA,663068.7,291745.97,0,20270,20270,0,538058.51,0,0,0,102500,125000,116907.76,8605.75,0,0,116907.76
DR. LUIZ FERNANDO,85500,0,0,0,0,74872.5,0,0,0,0,0,0,100415.63,0,0,0,100415.63
DR. PAULO CESAR,0,49963.93,0,0,0,0,0,0,10000,0,0,2514.32,520386.83,0,0,0,520386.83
DR. ROSINHA,25796.67,966906.98,200086.03,30558.83,34516.83,0,38757.18,0,200086.03,200086.03,825358.27,12960,372249.96,26753.03,0,0,572335.99
DR. SINVAL MALHEIROS,0,0,0,0,0,0,0,0,0,0,0,0,0,0.27,0,0,0
DR. UBIALI,0,0,0,270833.31,270833.31,0,75802.95,0,0,0,0,0,726836.08,0,0,0,726836.08
DUARTE NOGUEIRA,17227,0,0,9750,9750,0,576761.3,0,0,0,0,0,894240.49,93790.77,0,0,894240.49
DUDIMAR PAXIUBA,70950,0,0,0,700,0,0,284189,0,0,0,5808.86,59387.43,0,284189,0,59387.43
DULCE MIRANDA,2700,5250,0,1250,1250,0,1370,0,0,0,0,0,6900,0,0,0,6900
EDINHO ARAUJO,343635.18,310257.14,0,207489.95,207989.95,0,73733.37,0,0,0,0,83551.37,160654.33,147656.16,0,0,160654.33
EDINHO BEZ,150368,3050,0,292866.98,292866.98,0,54486.29,0,0,0,0,0,839706.33,5000,0,0,839706.33
EDIO LOPES,88246,0,0,84065.79,84065.79,174191.55,0,0,0,0,0,201437.12,0,0,0,0,0
EDIVALDO HOLANDA JUNIOR,70000,0,0,0,0,0,93800,0,0,0,0,0,39396.94,0,0,0,39396.94
EDMAR ARRUDA,86425,535268.31,0,74011.84,74011.84,0,312812.71,0,0,0,0,0,948274.19,0,0,0,948274.19
EDSON APARECIDO,0,0,0,0,0,0,0,0,0,0,0,0,78377.28,0,0,0,78377.28
EDSON EZEQUIEL,0,0,270628.41,0,0,0,27575,0,40000,40000,0,0,596705.66,0,0,0,636705.66
EDSON PIMENTA,0,0,0,156307.45,156307.45,0,0,0,0,0,0,49993.7,171950.44,253204.75,0,0,171950.44
EDSON SANTOS,0,0,0,42391.3,42391.3,0,46854.89,0,0,0,0,70000,0,0,0,0,0
EDSON SILVA,0,0,292445,75000,75000,0,0,0,292445,292445,0,0,0,0,0,0,292445
EDUARDO AMORIM,224213.83,34870,0,231667.02,231667.02,0,434585.54,0,0,0,34870,1500,225348.56,38000,0,0,225348.56
EDUARDO AZEREDO,30000,53492.78,0,0,0,0,0,0,0,0,50400,0,126056.06,0.75,0,0,126056.06
EDUARDO BARBOSA,30699,364537.21,0,0,0,0,87513.96,0,0,0,0,0,98231.43,0,0,0,98231.43
EDUARDO BOLSONARO,0,0,0,0,0,0,500,0,0,0,0,0,0,0,0,0,0
EDUARDO BRAGA,0,0,0,0,0,811025.09,0,0,0,0,0,0,0,0,0,0,0
EDUARDO CUNHA,153765,0,0,0,0,0,252939,0,0,0,0,0,1157873.2,0,0,0,1157873.2
EDUARDO CURY,0,0,0,0,0,0,0,0,0,0,0,0,0,0,0,0,0
EDUARDO DA FONTE,57930,0,0,0,0,0,2971361.38,0,0,0,0,0,123197.89,28000,0,0,123197.89
EDUARDO GOMES,38029.79,0,0,577645.01,577645.01,0,151200,0,0,0,0,45000,127812.31,0,0,0,127812.31
EDUARDO LOPES,0,0,0,0,0,0,430271,0,0,0,0,0,255958.69,0,0,0,255958.69
EDUARDO SCIARRA,796084.29,0,87000,0,93822.67,0,710917.99,0,0,0,0,1000,1039721.25,78921.59,0,0,1039721.25
EDUARDO SUPLICY,0,16447.08,0,0,25352.47,0,0,0,0,0,0,30000,718945.93,113692.06,0,0,718945.93
EFRAIM FILHO,62567.78,0,64050,8374.45,8374.45,0,21151.4,0,64050,64050,0,0,54888.38,20010,0,0,118938.38
ELCIONE BARBALHO,129400,0,0,128118.9,128118.9,0,7500,0,0,0,0,0,362371.1,27120,0,0,362371.1
ELEUSES PAIVA,0,26317.19,0,0,0,0,0,0,0,0,0,0,1032353.73,145757.42,0,0,1032353.73
ELI CORREA FILHO,14905.32,0,0,24375,24375,0,62127.98,112000,0,0,0,0,762443.77,0,112000,0,762443.77
ELIENE LIMA,321145,0,0,0,0,0,0,0,0,0,0,6123,2600472.38,0,0,0,2600472.38
ELISEU PADILHA,493396.81,0,0,0,0,0,81932.56,0,0,0,0,0,1857086.55,0,0,0,1857086.55
ELMANO FERRER,0,0,0,0,0,0,0,0,0,0,0,51189.92,0,0,0,0,0
ELMAR NASCIMENTO,0,0,0,10000,10000,0,32500,0,0,0,0,0,0,0,0,0,0
EMANUEL FERNANDES,0,0,0,69634.95,69634.95,0,351878.51,0,0,0,0,0,389319.66,60,0,0,389319.66
EMILIANO JOSE,0,0,0,0,0,0,6250,0,0,0,0,0,22589.82,6000,0,0,22589.82
ENIO BACCI,927690,0,0,6250,6250,0,141882.91,0,0,0,0,0,1126620.1,40842.2,0,0,1126620.1
ENIO VERRI,0,0,0,0,0,0,19645,0,0,0,0,0,140050,0,0,0,140050
EPITACIO CAFETEIRA,0,101315.81,0,75893,75893,0,0,0,0,0,101315.81,27165,102561.37,0,0,0,102561.37
ERIKA KOKAY,77054,0,0,0,0,0,54666,0,11111.11,0,0,195000,33489.2,0,0,0,33489.2
ERIVELTON SANTANA,26221.47,226430.5,0,259573.43,259573.43,0,7000,0,0,0,130890.2,10000,51898,3000,0,0,51898
EROS BIONDINI,0,0,0,0,0,0,21082.31,0,0,0,0,6e+05,208566.62,29259.2,0,0,208566.62
ESPERIDIAO AMIN,758128.4,163206.62,0,151767.53,151767.53,0,206699.62,0,0,0,0,0,1051875.07,595010.28,0,0,1051875.07
EUDES XAVIER,3003.13,70098.66,0,102836.64,102836.64,0,156115.71,0,0,0,70098.66,53583.07,192306.91,31601.08,0,0,192306.91
EUNICIO OLIVEIRA,35000,0,0,116895.33,116895.33,0,99739,0,0,0,0,265658.93,261472.23,47155.1,0,0,261472.23
EURICO JUNIOR,357.28,0,56980.9,10250,10250,0,183670.35,0,56980.9,56980.9,0,0,0,17630,0,0,56980.9
EVAIR DE MELO,0,0,0,19500,19500,0,0,0,0,0,0,0,0,0,0,0,0
EVANDRO GUSSI,0,0,0,18750,18750,0,0,0,0,0,0,0,0,0,0,0,0
EVANDRO MILHOMEN,15600,0,0,0,0,517656.67,0,239441.23,0,0,0,25372.55,0,0,239441.23,0,0
EVANDRO ROGERIO ROMAN,18500,0,0,0,0,0,60814.78,0,0,0,0,0,0,0,0,0,0
EXPEDITO NETTO,0,0,0,0,0,0,0,0,0,0,0,0,0,120,0,0,0
EZEQUIEL FONSECA,34714.72,0,0,0,0,0,0,0,0,0,0,0,787000,0,0,0,787000
FABIANO HORTA,0,0,0,14481.23,14481.23,0,0,0,0,0,0,0,0,0,0,0,0
FABIO FARIA,121100,0,5000,0,0,0,67286.97,0,5000,5000,0,0,683302.68,0,0,0,688302.68
FABIO GARCIA,0,0,0,16664.7,16664.7,0,0,0,0,0,0,0,0,0,0,0,0
FABIO MITIDIERI,0,0,0,14800,72965,0,0,0,0,0,0,0,0,0,0,0,0
FABIO RAMALHO,446297.07,0,7590,37860.94,37860.94,0,0,117922.59,0,0,0,0,58013.3,3420,117922.59,0,58013.3
FABIO REIS,71180,40000,0,66438.98,66438.98,0,28750,0,0,0,40000,0,115244.11,0,0,0,115244.11
FABIO SOUSA,0,0,0,0,0,0,10000,0,0,0,0,0,14534.48,0,0,0,14534.48
FABIO SOUTO,0,0,0,34950,34950,0,108210,0,0,0,0,30000,539954.77,0,0,0,539954.77
FABIO TRAD,27250,0,0,0,0,0,54254.7,106000,0,0,0,0,2357350.5,7600,106000,0,2357350.5
FATIMA BEZERRA,99772.27,716,0,132875,132875,0,145288.57,0,0,0,716,0,174283.06,0,0,0,174283.06
FATIMA PELAES,0,40000,0,0,0,508965.23,37645.64,0,0,0,0,123333.34,0,0,0,0,0
FAUSTO PINATO,0,15000,0,2066,2066,0,30231.78,0,0,0,15000,0,0,328.8,0,0,0
FELIPE BORNIER,0,10000,0,0,0,0,520800.65,0,0,0,0,0,1352929.5,0,0,0,1352929.5
FELIPE MAIA,235368.35,0,0,123440.08,123440.08,0,34750,0,0,0,0,201,34066.41,0,0,0,34066.41
FELIX MENDONCA JUNIOR,0,14050,0,56250,56250,0,13459.18,0,0,0,10000,26400,251118.18,0,0,0,251118.18
FERNANDO AFFONSO COLLOR DE MELLO,473025,0,0,189711.57,189711.57,0,133000,0,0,0,0,127076.36,5138.18,0,0,0,5138.18
FERNANDO BEZERRA COELHO,0,0,0,0,0,0,0,0,0,0,0,0,2500,0,0,0,2500
FERNANDO COELHO FILHO,0,0,0,35922,35922,0,17587.56,0,0,0,0,160105,123249.59,6117212.13,0,0,123249.59
FERNANDO FERRO,0,812.5,0,0,22750,0,0,0,0,0,812.5,10420,791774.4,16207,0,0,791774.4
FERNANDO FRANCISCHINI,112988,57111.06,0,0,0,0,8750,305243.45,0,0,0,0,630390.07,0,305243.45,0,630390.07
FERNANDO JORDAO,0,0,0,16505.9,16505.9,0,50192.64,0,0,0,0,0,879079.77,0,0,0,879079.77
FERNANDO LOPES,0,23131,0,0,0,0,0,0,0,0,0,0,14100,54950.68,0,0,14100
FERNANDO MARRONI,159842.52,82000,0,0,0,0,0,806190,0,0,82000,0,716042.99,0,806190,0,716042.99
FERNANDO MONTEIRO,0,0,0,13650,13650,0,0,0,0,0,0,0,0,0,0,0,0
FERNANDO TORRES,15000,6000,0,0,0,0,30228.27,0,0,0,0,0,1462982.33,0,0,0,1462982.33
FILIPE PEREIRA,0,0,0,52500,52500,0,0,0,0,0,0,80000,0,0,0,0,0
FLAVIA MORAIS,14750,7300,0,170900,170900,0,167955.69,0,0,0,0,102517,366623.32,0,0,0,366623.32
FLAVIANO MELO,2142.75,0,0,0,0,406991.5,613.62,0,0,0,0,16376.88,0,29.87,0,0,0
FLAVINHO,0,0,0,0,0,0,0,0,0,0,0,0,0,0,0,0,0
FLAVIO NOGUEIRA,430.91,0,0,125955.93,125955.93,0,0,0,0,0,0,0,0,0,0,0,0
FLEXA RIBEIRO,162427.5,40151.52,0,0,0,0,119166,284189,0,0,0,0,0,0,284189,0,0
FLORIANO PESARO,0,0,0,0,0,0,0,0,0,0,0,0,0,0,0,0,0
FRANCISCO ARAUJO,40000,0,0,0,0,71428.57,0,0,0,0,0,0,0,0,0,0,0
FRANCISCO CHAGAS,0,0,0,0,12701.01,0,0,69600,0,0,0,0,266087.5,0,69600,0,266087.5
FRANCISCO CHAPADINHA,0,0,0,15600,15600,0,78000,0,0,0,0,0,0,0,0,0,0
FRANCISCO DORNELLES,692316.53,0,0,0,0,0,0,0,0,0,0,70000,312544.52,0,0,0,312544.52
FRANCISCO ESCORCIO,157225,0,18000,107245,107245,0,18750,0,18000,18000,0,0,0,0,0,0,18000
FRANCISCO FLORIANO,0,0,0,2e+05,2e+05,0,154766.08,0,0,0,0,0,1196842.76,0,0,0,1196842.76
FRANCISCO PRACIANO,0,148567.58,0,0,0,0,272836.63,0,0,0,148567.58,0,0,15439.83,0,0,0
FRANCISCO TENORIO,0,1747.78,0,0,0,0,101400,0,0,0,1747.78,122602.04,125161.91,0,0,0,125161.91
GABRIEL CHALITA,0,0,0,0,0,0,8250.81,0,0,0,0,0,584514.75,59717.75,0,0,584514.75
GABRIEL GUIMARAES,0,53680.29,0,41344,41344,0,95119.32,0,0,0,53680.29,58746.44,145016.18,0,0,0,145016.18
GABRIEL GUMARAES,0,0,0,0,0,0,0,0,0,0,0,0,5250,164,0,0,5250
GARIBALDI ALVES,32445.99,0,0,381825.85,381825.85,0,14440,0,0,0,0,0,18880,0,0,0,18880
GARIBALDI ALVES FILHO,910.58,0,0,22650,22650,0,12500,0,0,0,0,0,20640,0,0,0,20640
GASTAO VIEIRA,0,0,0,400,400,0,37500,0,0,0,0,10000,20357.52,0,0,0,20357.52
GENECIAS NORONHA,52354.16,0,0,117664.76,117664.76,0,30000,0,0,0,0,18680.42,219542.68,0,0,0,219542.68
GEORGE HILTON,325564.04,0,5554.11,17500,17500,0,378872.29,0,5554.11,5554.11,0,5543,18573.95,0,0,0,24128.06
GERA ARRUDA,0,0,0,121540.18,121540.18,0,0,0,0,0,0,0,194118.62,213244.55,0,0,194118.62
GERALDO MAGELA,0,0,0,0,0,0,627650.8,0,0,0,0,111111.5,0,0,0,0,0
GERALDO RESENDE,919581.37,456144.83,0,500864.81,500864.81,0,236631.63,106000,0,0,0,0,1393936.18,1168328.16,106000,0,1393936.18
GERALDO SIMOES,0,0,0,0,0,0,74191.94,0,0,0,0,15000,284251.21,80000,0,0,284251.21
GERALDO THADEU,0,264471.98,0,218236.7,218236.7,0,889007.24,46093.49,0,0,264471.98,0,429465.02,18976.08,46093.49,0,429465.02
GIACOBO,579050.69,134141,0,0,0,0,256805.66,0,0,0,134141,0,796169.22,0,0,0,796169.22
GILBERTO NASCIMENTO,0,0,0,0,0,0,0,0,0,0,0,0,0,500,0,0,0
GILMAR MACHADO,0,106227,0,0,0,0,0,0,0,0,106227,0,20562.98,0,0,0,20562.98
GIM ARGELLO,0,0,0,0,0,0,0,293720.46,0,0,0,145203.55,499426.74,0,293720.46,0,499426.74
GIOVANI CHERINI,1862006.54,19962.4,0,115285.69,115285.69,0,381934.49,0,0,0,0,0,610259.95,32508,0,0,610259.95
GIOVANNI QUEIROZ,224466.82,0,0,13928.57,13928.57,0,7500,0,0,0,0,0,7382.5,188500,0,0,7382.5
GIROTO,472224.49,0,0,94486.96,94486.96,0,27900,0,0,0,0,0,1237010,0,0,0,1237010
GIUSEPPE VECCI,9360,0,0,6250,6250,0,6250,0,0,0,0,0,26559.38,0,0,0,26559.38
GIVALDO CARIMBAO,0,41827.89,218506.99,0,0,0,0,0,218506.99,218506.99,0,169394.66,0,0,0,0,218506.99
GIVALDO VIEIRA,5000,0,0,0,0,0,0,0,0,0,0,0,0,0,0,0,0
GLADSON CAMELI,0,0,0,0,0,206107.54,0,0,0,0,0,3700,61100,0,0,0,61100
GLAUBER BRAGA,1050,0,301709.99,0,7000,0,112180.57,0,289709.99,289709.99,0,20000,127055.1,0,0,0,416765.09
GLEISI HOFFMANN,31993,42000,0,13644.63,13644.63,0,6250,0,0,0,42000,0,61905.78,0,0,0,61905.78
GONZAGA PATRIOTA,162974.02,9100,25300,25018.8,45018.8,0,40878.55,0,25300,25300,0,235166.52,1740251.81,30000,0,0,1765551.81
GORETE PEREIRA,40144.47,0,0,230692,230692,0,72505.59,0,0,0,0,50369.11,798870.78,81767.79,0,0,798870.78
GOULART,0,0,0,0,0,0,25000,0,0,0,0,0,20491.71,0,0,0,20491.71
GUILHERME CAMPOS,39600,179993.69,0,0,0,0,412417.05,49289.98,0,0,0,86000,1145472.08,4000,49289.98,0,1145472.08
GUILHERME MUSSI,158550,11763.53,0,182396.71,183406.81,0,192610.82,48500,0,0,0,0,1395582.36,200,48500,0,1395582.36
GUSTAVO PETTA,0,0,0,0,0,0,27500,0,0,0,0,0,0,0,0,0,0
HEITOR SCHUCH,104606.71,0,0,0,0,0,0,0,0,0,0,0,4000,0,0,0,4000
HELCIO SILVA,0,0,0,0,0,0,0,0,0,0,0,0,6260,0,0,0,6260
HELDER SALOMAO,0,455.75,0,0,0,0,18450,0,0,0,0,0,4148.79,0,0,0,4148.79
HELENO SILVA,82979.26,5000,0,77500,77500,0,0,0,0,0,0,0,41150,0,0,0,41150
HELIO LEITE,0,28000,0,48493.85,60447.84,0,0,0,0,0,0,0,0,0,0,0,0
HELIO SANTOS,88636.77,3000,0,58805.79,58805.79,0,50000,0,0,0,2000,24000,86053.2,0,0,0,86053.2
HENRIQUE AFONSO,300,14984,0,0,38890,212453.11,47554.43,0,0,0,14984,0,16619,0,0,0,16619
HENRIQUE EDUARDO ALVES,424600.21,0,6000,212412.07,212412.07,0,159041.95,0,6000,6000,0,18004.16,275824.33,12813.22,0,0,281824.33
HENRIQUE FONTANA,0,287417.16,0,318643.69,320866.29,0,635408.65,3000,0,0,287417.16,21243.54,399927.09,2637.5,3000,0,399927.09
HENRIQUE OLIVEIRA,0,0,0,0,0,376698.05,0,0,0,0,0,0,0,0,0,0,0
HERCULANO PASSOS,0,0,0,0,0,0,365625,0,0,0,0,0,107130,0,0,0,107130
HERMES PARCIANELLO,3800,296185.02,0,75295.21,75506.53,0,26551.99,0,0,0,181071.26,0,222767.22,8877,0,0,222767.22
HEULER CRUVINEL,159213.75,0,0,34936.87,34936.87,0,160441.03,205748.4,0,0,0,0,432712.47,21918.98,205748.4,0,432712.47
HILDO ROCHA,0,0,0,1000,1000,0,8361.67,0,0,0,0,45212.46,0,0,0,0,0
HISSA ABRAHAO,0,0,0,68423.34,68423.34,0,0,0,0,0,0,0,0,0,0,0,0
HOMERO PEREIRA,327534.06,3000.03,0,82750,82750,0,0,0,0,0,0,0,0,0,0,0,0
HUGO LEAL,0,373206.7,0,67257.24,67257.24,0,227659.06,0,0,0,353650,1010.1,79090,6.9,0,64000,79090
HUGO MOTTA,31200,0,71075.46,55069.55,71069.55,0,84700,0,71075.46,71075.46,0,39676,90091.79,700,0,0,161167.25
HUGO NAPOLEAO,11938.78,0,0,0,0,0,25078,0,0,0,0,503180.31,23400,0,0,0,23400
HUMBERTO COSTA,0,0,0,6250,6250,0,875,0,0,0,0,71000,358551.5,6117212.13,0,0,358551.5
IARA BERNARDI,0,228969.32,0,0,0,0,0,0,0,0,160,30825.75,204923.1,0,0,0,204923.1
INACIO ARRUDA,0,12500,0,95878.05,99478.05,0,254996.76,0,0,0,0,155750,220866.17,2.5,0,0,220866.17
INDIO DA COSTA,0,0,0,0,0,0,0,0,0,0,0,0,0,0,0,0,0
INOCENCIO OLIVEIRA,379166.67,0,0,344283.69,344283.69,0,193291.31,0,0,0,0,0,0,7.8,0,0,0
IRACEMA PORTELLA,497.75,0,0,0,0,0,31823.47,0,0,0,0,107295.28,66617.6,0,0,0,66617.6
IRAJA ABREU,270519.6,0,0,18970,18970,0,140802.42,0,0,0,0,0,152849.6,10129,0,0,152849.6
IRINY LOPES,958771.76,1052.39,0,33000,93000,0,74447.28,0,0,0,0,297000,155062,2869826.25,0,0,155062
IRIS DE ARAUJO,210032.5,2830,0,47934.78,47934.78,0,6500,0,0,0,0,14660,296737.02,33600,0,0,296737.02
IRMAO LAZARO,0,0,0,6250,6250,0,17200,0,0,0,0,0,8900,0,0,0,8900
IVAN VALENTE,0,0,0,0,15000,0,340819.99,0,0,0,0,75000,0,47864.12,0,0,0
IVO CASSOL,92965.8,0,0,0,0,665414.2,0,0,0,0,0,0,0,10005.04,0,0,0
IVONETE DANTAS,0,0,0,1000,1000,0,0,0,0,0,0,3810,36300,0,0,0,36300
IZALCI,0,0,5e+05,0,0,0,17866.17,159738.69,0,0,0,3000,0,0,159738.69,0,0
JADER BARBALHO,289211.91,0,0,52824.47,52824.47,0,154950.41,0,0,0,0,0,154952.79,0,0,0,154952.79
JAIME MARTINS,214165.86,0,5000,40191.04,40191.04,0,256938.05,0,5000,5000,0,0,285738.28,0,0,0,290738.28
JAIR BOLSONARO,0,0,21000,0,0,0,0,0,21000,21000,0,0,0,0,0,0,21000
JAIRO ATAIDE,41198.79,0,0,0,0,0,32500,0,0,0,0,0,70348,0,0,0,70348
JANDIRA FEGHALI,0,5959.6,379999.5,0,230605.4,0,0,0,0,0,0,266019.11,0,0,0,0,0
JANETE CAPIBERIBE,0,0,0,0,0,1497748.38,0,42000,0,0,0,20000,0,0,42000,0,0
JANETE ROCHA PIETA,0,45100,2700,7047.14,52105.78,0,851026.72,0,0,0,45100,14190.04,307137.71,50,0,0,307137.71
JANIO NATAL,0,0,0,35398.98,35398.98,0,56125,0,0,0,0,110000,130059.58,398210,0,0,130059.58
JAQUELINE RORIZ,0,401.25,0,0,0,0,0,33033.33,0,0,401.25,20409,635027.37,0,33033.33,0,635027.37
JARBAS VASCONCELOS,47931,0,0,410050.6,410050.6,0,0,41527.73,0,0,0,20000,156676.9,0,41527.73,0,156676.9
JAYME CAMPOS,0,16123.27,0,43514.36,43514.36,0,7500,0,0,0,16123.27,0,1518518.94,0,0,0,1518518.94
JEAN WYLLYS,0,0,0,0,0,0,0,0,0,0,0,106928,0,0,0,0,0
JEFFERSON CAMPOS,0,0,242014.79,70568.11,70568.11,0,252269.78,0,0,0,0,0,1137714.18,110.35,0,0,1137714.18
JERONIMO GOERGEN,920236.56,6682.57,0,124421.99,124421.99,0,14312.5,0,0,0,0,0,1786603.78,0,0,0,1786603.78
JESUS RODRIGUES,0,0,0,0,0,0,0,0,0,0,0,261659.97,1552673.56,0,0,0,1552673.56
JHC,0,0,0,0,0,0,27375,0,0,0,0,0,0,0,0,0,0
JHONATAN DE JESUS,0,0,0,39795.92,39795.92,194625.64,47619,0,0,0,0,40454.04,0,40837.65,0,0,0
JILMAR TATTO,0,0,0,0,0,0,0,0,0,0,0,0,558508.83,0,0,0,558508.83
JO MORAES,0,61040,0,0,0,0,732416.76,11262.76,0,0,29040,30779.41,100436.44,16909.72,11262.76,0,100436.44
JOAO ALBERTO SOUZA,57534.11,0,0,309522.94,309522.94,0,53650,0,0,0,0,0,0,0,0,0,0
JOAO ANANIAS,8700,11200,0,0,0,0,572098.88,0,0,0,11200,0,235593.7,2869893.84,0,0,235593.7
JOAO ARRUDA,320424.98,139139.63,0,180348.91,180348.91,0,475575.16,0,0,79450.55,133139.63,124406.8,816898.75,6000,0,0,816898.75
JOAO CAMPOS,34371,69585,0,500,500,0,0,1373465.53,0,0,8500,0,83531.29,12550,1373465.53,0,83531.29
JOAO CAPIBERIBE,288339,95862.01,0,0,0,210341.72,0,0,0,0,0,0,0,0,0,0,0
JOAO CARLOS BACELAR,25000,0,0,0,0,0,226891.2,0,0,0,0,321134.72,253227.29,99999.5,0,0,253227.29
JOAO DADO,0,205923,0,393885.53,393885.53,0,132978.25,0,0,0,12000,0,579634.85,2253.87,0,0,579634.85
JOAO DANIEL,0,0,22300,0,0,0,0,0,22300,22300,0,0,0,0,0,0,22300
JOAO DERLY,0,0,0,6250,6250,0,205470.36,0,0,0,0,0,17344.96,0,0,0,17344.96
JOAO DURVAL,180000,0,0,199415.28,199415.28,0,0,0,0,0,0,689467.42,1722481.24,137135,0,0,1722481.24
JOAO FERNANDO COUTINHO,0,0,0,0,0,0,13750,0,0,0,0,0,1850,0,0,0,1850
JOAO GUALBERTO,0,0,0,0,0,0,0,0,0,0,0,0,0,0,0,0,0
JOAO LEAO,0,21000,0,0,0,0,61954.78,0,0,0,21000,0,587157.37,0,0,0,587157.37
JOAO LYRA,0,0,0,208967.81,208967.81,0,0,0,0,0,0,52343.07,257892.31,0,0,0,257892.31
JOAO MAGALHAES,167204.78,0,120250.42,63978.15,63978.15,0,34849.24,0,120250.42,120250.42,0,0,136018.05,1,0,0,256268.47
JOAO MAIA,128188.9,0,0,6750,6750,0,29125,0,0,0,0,46940.15,421953.51,0,0,0,421953.51
JOAO PAULO CUNHA,0,0,0,472344.67,472344.67,0,359281.48,0,0,0,0,0,2160062.57,0,0,0,2160062.57
JOAO PAULO LIMA,0,0,0,175000,175000,0,0,0,0,0,0,418593,3291603.89,6117215.23,0,0,3291603.89
JOAO PIZZOLATTI,87114.39,271900.7,0,81659.61,81659.61,0,808000.67,0,0,0,211900.7,0,1641491.29,0,0,0,1641491.29
JOAO RIBEIRO,0,0,0,38750,38750,0,18350,0,0,0,0,0,328062.2,0,0,0,328062.2
JOAO RODRIGUES,199944,86851,0,76146.77,76146.77,0,517906.6,0,0,0,0,0,835487.3,7e+05,0,0,835487.3
JOAO VICENTE CLAUDINO,7539,0,0,0,0,0,780.78,0,0,0,0,274414.96,1552673.56,0,0,0,1552673.56
JOAQUIM BELTRAO SIQUEIRA,81250,0,0,81250.07,81250.07,0,29846.94,0,0,0,0,0,61754.17,0,0,0,61754.17
JOAQUIM PASSARINHO,25000,10000,0,0,0,0,0,0,0,0,0,500,0,0,0,0,0
JONAS DONIZZETE,0,0,0,364129.6,364129.6,0,0,0,0,0,0,0,399016.78,0,0,0,399016.78
JORGE BITTAR,0,0,25642,0,0,0,42239.21,0,0,0,0,156449.31,0,0,0,0,0
JORGE BOEIRA,1624942.72,7524.46,0,539.84,539.84,0,200,0,0,0,0,0,445956.89,0,0,0,445956.89
JORGE CORTE REAL,0,0,0,94293,109293,0,157500,0,0,0,0,0,765101.23,6117212.13,0,0,765101.23
JORGE SOLLA,0,0,0,0,0,0,0,0,0,0,0,0,0,0,0,0,0
JORGE TADEU MUDALEN,21000,22000,0,0,0,0,5606.27,0,0,0,2000,0,516219.06,225,0,0,516219.06
JORGE VIANA,0,136595.48,0,121875,131447.25,18009.46,638452.9,0,600,0,25089,30901.41,307878.45,0,0,90117.89,307878.45
JORGINHO MELLO,471909.16,23433.33,0,68685.8,68685.8,0,12577.66,0,0,6000,0,0,796482.71,0,0,0,796482.71
JOSE AGRIPINO,72133.7,0,0,96000,96000,0,75017.51,0,0,0,0,201,104071.83,0,0,0,104071.83
JOSE AIRTON,17500,0,0,159184.82,182891.82,0,0,0,0,0,0,535943.85,123149.54,0,0,0,123149.54
JOSE AIRTON CIRILO,0,0,4000,0,5865,0,10750,0,4000,4000,0,0,1710,0,0,0,5710
JOSE ANIBAL,0,0,0,0,0,0,0,0,0,0,0,0,0,0,0,0,0
JOSE AUGUSTO MAIA,0,9000,430000,30748,30748,0,12500,52543.32,430000,430000,0,0,4600,6117212.13,52543.32,0,434600
JOSE CARLOS ALELUIA,0,0,0,7500,7500,0,17550,0,0,0,0,0,0,1930000,0,0,0
JOSE CARLOS ARAUJO,107920,205500,0,75801.61,75801.61,0,243895,0,0,0,205500,0,122024.41,0,0,0,122024.41
JOSE CHAVES,107500,0,0,134242,134242,0,0,16000,0,0,0,0,1689967.3,6117212.13,16000,0,1689967.3
JOSE DE FILIPPI,36694,0,0,0,0,0,0,0,0,0,0,0,116456.81,52160,0,0,116456.81
JOSE FOGACA,38868.32,0,0,0,0,0,25820,0,0,0,0,0,63000,0,0,0,63000
JOSE GUIMARAES,0,0,0,374651.72,452706.12,0,214872.24,0,0,0,0,0,137500.18,14810.25,0,0,137500.18
JOSE HUMBERTO,909881.63,2000,250000,0,0,0,37066.95,81207.75,0,0,0,0,459525.52,0,81207.75,0,459525.52
JOSE LINHARES,43985.82,0,0,16640.41,16640.41,0,634421.84,0,0,0,0,200120.9,910791.22,0,0,0,910791.22
JOSE MAIA FILHO,0,0,0,0,0,0,0,0,0,0,0,1671.51,0,0,0,0,0
JOSE MARANHAO,0,0,0,13500,13500,0,0,0,0,0,0,0,8436.44,0,0,0,8436.44
JOSE MEDEIROS,24764.5,0,0,0,0,0,0,0,0,0,0,0,0,0,0,0,0
JOSE MENTOR,49550,0,37117.05,16250,26351.01,0,631979.8,0,15117.05,15117.05,0,25000,493300.34,98100,0,0,508417.39
JOSE NUNES,62980,153089,0,2000,2000,0,464985.64,0,0,0,153089,0,46093.11,0.1,0,0,46093.11
JOSE OTAVIO GERMANO,88825,0,0,274335.31,274335.31,0,206532.24,0,0,0,0,0,1131714.66,4.59,0,0,1131714.66
JOSE PIMENTEL,0,0,0,370376.17,370376.17,0,39795.92,0,0,0,0,0,0,105175.98,0,0,0
JOSE PRIANTE,129743.75,0,0,565637.81,586537.81,0,16000,0,0,0,0,204012.57,0,0,0,0,0
JOSE REINALDO,0,0,0,0,0,0,0,0,0,0,0,3200,0,0,0,0,0
JOSE ROCHA,0,47000,0,94319.1,94319.1,0,57750.04,0,0,0,47000,62145.34,100234.43,8523.8,0,0,100234.43
JOSE SARNEY,102079.7,0,0,0,0,226204.08,0,0,0,0,0,130199.96,0,0,0,0,0
JOSE SERRA,0,0,0,0,0,0,0,0,0,0,0,0,0,0,0,0,0
JOSE STEDILE,350401.21,0,5500,0,0,0,269529.91,0,5500,5500,0,0,800214.82,0,0,0,805714.82
JOSI NUNES,7500,0,0,6292.79,6292.79,0,1180,0,0,0,0,0,16800,0,0,0,16800
JOSIAS GOMES,200834.39,227210,0,154000,154000,0,0,0,0,0,227210,20500,295585.26,2.01,0,0,295585.26
JOSUE BENGTSON,50750,0,0,0,0,0,0,0,0,0,0,175181.39,278177.79,0,0,0,278177.79
JOVAIR ARANTES,52176.6,16589.2,0,174974.81,174974.81,0,252750.8,0,0,0,0,0,663949.76,9320,0,0,663949.76
JULIA MARINHO,42000,0,0,6250,6250,0,0,0,0,0,0,0,7441.41,0,0,0,7441.41
JULIO CAMPOS,0,3000,0,166770.77,166770.77,0,61211.42,0,0,0,0,2e+05,924028.71,0,0,0,924028.71
JULIO CESAR,30755,0,0,70753.63,70753.63,0,46902.89,0,0,0,0,98292.35,78793.61,0,0,0,78793.61
JULIO DELGADO,41876.59,55365,2e+05,0,3024,0,113930.13,0,2e+05,2e+05,55365,42772.04,242630.28,19700,0,0,442630.28
JULIO LOPES,29600,0,0,0,0,0,0,0,0,0,0,0,164494.64,0,0,0,164494.64
JUNIOR COIMBRA,209900,0,0,506903.05,506903.05,0,58500,0,0,0,0,55500,131119.47,0,0,0,131119.47
JUNIOR MARRECA,0,0,0,0,0,0,3000,0,0,0,0,0,0,0,0,0,0
JUNJI ABE,9600,100811.1,25000,139807.61,139807.61,0,150819.24,113186,25000,25000,100811.1,0,346986.35,0,113186,0,371986.35
JUSCELINO FILHO,39660,0,0,0,0,0,1000,0,0,0,0,0,0,0,0,0,0
JUTAHY JUNIOR,11900,0,22000,1580,1580,0,185828.5,0,22000,22000,0,0,849737.96,0,0,0,871737.96
KAIO MANICOBA,0,0,0,0,0,0,0,0,0,0,0,0,0,0,0,0,0
KATIA ABREU,123438.42,0,48704.08,0,0,0,81316.09,0,28704.08,28704.08,0,42595.43,189640.15,70000,0,0,218344.23
KEIKO OTA,3934.28,0,0,200750.6,200750.6,0,478182.42,106152.63,0,0,0,4081.43,900245.33,6140.4,106152.63,0,900245.33
LAEL VARELLA,24095.2,0,0,350,350,0,0,0,0,0,0,0,66591.72,0,0,0,66591.72
LAERCIO OLIVEIRA,18750,0,0,85110.69,85110.69,0,400865.94,0,0,0,0,151005.88,1975767.03,0,0,0,1975767.03
LASIER MARTINS,4935,0,0,0,0,0,0,0,0,0,0,0,0,0,0,0,0
LAUDIVIO CARVALHO,0,0,0,0,0,0,2500,0,0,0,0,0,0,0,0,0,0
LAUREZ DA ROCHA MOREIRA,0,0,0,0,0,0,0,0,0,0,0,0,236772.86,0,0,0,236772.86
LAURIETE,375558.93,0,0,16406.25,16406.25,0,202958.94,0,0,0,0,0,70333.43,0,0,0,70333.43
LAZARO BOTELHO,108000,12500,0,23654.04,23654.04,0,31248.91,0,0,0,12500,0,557416.05,0,0,0,557416.05
LEANDRE,0,0,0,0,0,0,33000,0,0,0,0,0,28500,0,0,0,28500
LEANDRO VILELA,491472.52,12980,717952.97,62191.62,62191.62,0,5000,0,717952.97,717952.97,12980,0,88065.91,1374453.14,0,0,806018.88
LELO COIMBRA,680592.88,105347.09,0,129082.97,129082.97,0,233014.66,0,0,0,0,0,77345.8,825.12,0,0,77345.8
LEO DE BRITO,0,0,0,0,501,0,488.48,0,0,0,0,0,0,0,0,0,0
LEONARDO GADELHA,118700,0,0,37300,37300,0,62671.16,0,0,0,0,0,14200.55,150037.73,0,0,14200.55
LEONARDO MONTEIRO,108475,174532.85,0,0,0,0,56900,0,0,0,174532.85,0,166407.62,401634,0,0,166407.62
LEONARDO PICCIANI,154110,0,0,4e+05,4e+05,0,646328.57,0,0,0,0,0,83034.42,0,0,0,83034.42
LEONARDO QUINTAO,259339.82,0,0,33750,33750,0,155416.01,0,0,0,0,0,852264.36,0,0,0,852264.36
LEONARDO VILELA,27500,0,0,0,0,0,0,0,0,0,0,13500,43338.31,374,0,0,43338.31
LEONIDAS CRISTINO,0,0,0,2145,2145,0,0,0,0,0,0,0,0,55000,0,0,0
LEOPOLDO MEYER,298194.05,48016,0,50058.83,55058.83,0,615774.52,215142.14,0,10005.89,0,3998.5,333124.88,0.03,215142.14,0,333124.88
LIDICE DA MATA,0,57154.08,0,131527.6,185216.86,0,61283.6,0,0,0,57154.08,62159.79,124936.28,1437.87,0,0,124936.28
LILIAM SA,0,20203,0,63957.31,63957.31,0,12005.2,0,0,0,0,0,125331.88,0,0,0,125331.88
LINCOLN PORTELA,0,9522.3,0,97437.96,97437.96,0,415521.31,0,0,0,0,20500,579990.31,2100,0,0,579990.31
LINDBERGH FARIAS,8750,0,0,10370,10370,0,1651044.72,0,0,0,0,12000,429687.91,80000,0,0,429687.91
LIRA MAIA,169660,0,0,0,0,0,95954.75,0,0,0,0,20900,559851.45,0,0,0,559851.45
LOBAO FILHO,0,0,0,215320.13,215320.13,0,209310,0,0,0,0,0,61826,0,0,0,61826
LOBBE NETO,0,0,0,0,0,0,82885.15,0,0,0,0,0,0,0,0,0,0
LOURIVAL MENDES,499250,0,0,0,0,0,0,82066.67,0,0,0,60000,3773,0,82066.67,0,3773
LUCAS VERGILIO,0,0,0,7500,7500,0,12892.85,0,0,0,0,0,6608.5,0,0,0,6608.5
LUCI CHOINACKI,352488.57,347514.3,0,44198.19,59207.41,0,21250,0,0,0,347514.3,226566.54,88517.74,0,0,4500,88517.74
LUCIA VANIA,75331.47,225777.02,0,174039.14,214039.14,0,435419.55,0,0,0,0,0,150117.75,693166.17,0,0,150117.75
LUCIANA SANTOS,0,0,240000,0,5000,0,5500,0,33190.34,0,0,11120,396424.91,6138887.23,0,0,396424.91
LUCIANO CASTRO,0,0,0,0,0,608316.38,0,0,0,0,0,0,0,0,0,0,0
LUCIANO DUCCI,0,0,0,0,0,0,6250,0,0,0,0,0,132521.48,0,0,0,132521.48
LUCIO MOSQUINI,0,0,0,0,0,5000,0,0,0,0,0,0,0,0,0,0,0
LUCIO VALE,0,0,0,0,0,0,40000,0,0,0,0,493637.1,0,0,0,0,0
LUCIO VIEIRA LIMA,122160,0,126414.56,71974.49,71974.49,0,96131.93,0,126414.56,126414.56,0,140965.26,261519.73,0,0,0,387934.29
LUIS CARLOS HEINZE,1457208.73,111050.84,0,0,3500,0,271100.49,0,0,0,0,0,1327423.84,68290.28,0,0,1327423.84
LUIS TIBE,111,49523,0,16250,16250,0,548287.24,0,0,0,6123,0,806009.4,284.4,0,0,806009.4
LUIZ ALBERTO,0,543016.88,0,103975.68,103975.68,0,6250,0,0,0,543016.88,159975.9,303416.73,0,0,0,303416.73
LUIZ ARGOLO,0,1169420,0,34750,34750,0,0,0,0,0,1169420,901806.19,241166.47,0,0,0,241166.47
LUIZ CARLOS,0,0,0,0,0,495572.61,0,145000,0,0,0,14012.4,0,0,145000,0,0
LUIZ CARLOS BUSATO,829054,338318.99,0,64765.63,64765.63,0,517489.22,0,0,0,141515.75,0,319526.19,223106.58,0,0,319526.19
LUIZ CARLOS HAULY,53136,97381.42,0,0,0,0,85022,0,0,0,0,0,464902.9,112581,0,0,464902.9
LUIZ CARLOS SETIM,99112,4000,0,0,0,0,0,0,0,0,0,0,1587746.84,0,0,0,1587746.84
LUIZ COUTO,0,48748.96,0,0,0,0,39776.58,0,0,0,48748.96,460.5,22925,0,0,0,22925
LUIZ DE DEUS,0,0,0,17244.97,17244.97,0,74354.33,0,0,0,0,6125,232780.42,0,0,0,232780.42
LUIZ FERNANDO FARIA,325838.47,0,0,500,500,0,370284.46,0,0,0,0,0,556650.16,0.75,0,0,556650.16
LUIZ FERNANDO MACHADO,195.2,0,0,0,0,0,0,119514,0,0,0,0,1234963.72,423,119514,0,1234963.72
LUIZ HENRIQUE,322157.36,59451.64,0,291150,291150,0,5000,0,0,0,0,0,945862.97,2600,0,0,945862.97
LUIZ NISHIMORI,1452897.73,0,0,31810.34,31810.34,0,2500,0,0,0,0,60000,219373.44,29.87,0,0,219373.44
LUIZ OTAVIO,4383.09,0,0,0,0,0,0,0,0,0,0,0,6900,0,0,0,6900
LUIZ PITIMAN,291250,0,0,0,0,0,0,0,0,0,0,703926.77,0,0,0,0,0
LUIZ SERGIO,149260,58385,0,0,0,0,606951.64,0,0,0,0,125000,388950.6,0,0,0,388950.6
LUIZA ERUNDINA,0,0,0,0,320000,0,0,0,0,0,0,135556.56,30000,29772.15,0,0,30000
MACEDO,0,0,0,0,0,0,0,0,0,0,0,0,500,0,0,0,500
MAGDA MOFATTO,0,0,0,6609,6609,0,0,0,0,0,0,0,62644.12,0,0,0,62644.12
MAGNO MALTA,505899.45,0,2200,22053.3,22053.3,0,253734.84,0,2200,2200,0,91808.31,1220871.93,6400,0,0,1223071.93
MAJOR FABIO,0,0,0,0,0,0,47000,0,0,0,0,0,13300.26,0,0,0,13300.26
MAJOR OLIMPIO GOMES,0,0,0,0,0,0,0,0,0,0,0,0,4150,4.2,0,0,4150
MANATO,828205.83,2170.37,0,10560.21,10560.21,0,503953,0,0,0,0,0,158232.7,0,0,0,158232.7
MANDETTA,8000,0,0,0,70000,0,337564.14,0,0,0,0,50000,2089907.27,0,0,0,2089907.27
MANOEL JUNIOR,68592.78,0,76945.5,42732.25,42732.25,0,12841.59,0,0,0,0,0,28331.1,800,0,0,28331.1
MANOEL SALVIANO,95907.56,0,194000,80328,80328,0,58902.49,0,194000,194000,0,0,62411.76,2869874.49,0,0,256411.76
MANUEL ROSA NECA,0,0,0,88441.1,88441.1,0,365528.45,0,0,0,0,0,0,0,0,0,0
MANUELA D'VILA,0,0,0,0,6000,0,0,0,0,0,0,0,0,0,0,0,0
MANUELA DAVILA,414909.01,4000,0,94335.6,124335.6,0,415482.15,0,0,0,0,53000,151224.89,3400,0,0,151224.89
MARA GABRILLI,0,0,71840,0,0,0,0,0,0,0,0,0,1082621.05,20092.94,0,0,1082621.05
MARCAL FILHO,750,49170.29,0,201515.47,201515.47,0,1002408.11,0,0,0,49170.29,0,1477644.01,160163.23,0,0,1477644.01
MARCELO AGUIAR,125482.97,0,0,0,0,0,0,0,0,0,0,0,112544.12,88.45,0,0,112544.12
MARCELO ALMEIDA,157027.5,0,6500,0,0,0,19134.57,0,6500,6500,0,0,324287.01,140000,0,0,330787.01
MARCELO ALVARO ANTONIO,0,0,0,500,500,0,22500,0,0,0,0,0,0,0.62,0,0,0
MARCELO ARO,1250,0,0,0,0,0,11250,0,0,0,0,0,0,4.2,0,0,0
MARCELO BELINATI,0,4000,0,0,0,0,0,0,0,0,0,0,0,12000,0,0,0
MARCELO CASTRO,97625.98,0,0,550,550,0,74406.07,0,0,0,0,617179.52,177983.33,0,0,0,177983.33
MARCELO MATOS,0,16206.28,0,319001.46,319001.46,0,432216.32,30450,0,0,0,0,13597,0,30450,0,13597
MARCELO SQUASSONI,0,0,0,19897.96,19897.96,0,9454.08,0,0,0,0,0,0,0,0,0,0
MARCIO ALVINO,0,0,0,0,0,0,40000,0,0,0,0,0,0,13990,0,0,0
MARCIO BITTAR,65500,0,0,0,0,113306.14,1250,0,0,0,0,3100,20200,0,0,0,20200
MARCIO FRANCA,0,0,0,1150283.33,1150283.33,0,0,0,0,0,0,0,0,0,0,0,0
MARCIO JUNQUEIRA,0,0,0,0,0,290311.1,0,0,0,0,0,0,0,0,0,0,0
MARCIO MACEDO,0,120171.38,12250,140199.17,140199.17,0,79324.67,0,12250,12250,120171.38,72200,251726.6,0,0,0,263976.6
MARCIO MARINHO,21213.33,40000,0,70000,70000,0,193183.4,0,0,0,0,15152,224858.22,6.32,0,0,224858.22
MARCIO REINALDO DIAS MOREIRA,0,0,0,0,0,0,0,0,0,0,0,0,257885.36,0,0,0,257885.36
MARCO ANTONIO CABRAL,0,0,0,0,0,0,334581.65,0,0,0,0,0,0,0,0,0,0
MARCO MAIA,1965800.93,25000,0,135695.65,135695.65,0,509849.56,0,0,0,15000,39537.56,504011.37,684.1,0,0,504011.37
MARCO TEBALDI,1144709.63,0,0,605114.26,605114.26,0,12500,0,0,0,0,0,206371.19,135573.36,0,0,206371.19
MARCON,878533.43,906948.04,0,20250,36663.53,0,271198.57,0,0,0,906948.04,41074,555560.73,62030.91,0,25000,555560.73
MARCOS ABRAO,15000,0,0,9047.88,9047.88,0,0,0,0,0,0,0,5176.97,0,0,0,5176.97
MARCOS MEDRADO,0,0,0,285645.45,285645.45,0,239368.95,0,0,0,0,0,106777.28,0,0,0,106777.28
MARCOS MONTES,389440.46,0,0,77585.83,77585.83,0,334293.41,0,0,0,0,0,173686.74,0,0,0,173686.74
MARCOS ROGERIO,0,0,0,0,0,690267.22,0,0,0,0,0,0,0,0.88,0,0,0
MARCOS SOARES,0,0,0,0,0,0,0,0,0,0,0,0,11600,0,0,0,11600
MARCUS PESTANA,289905.89,4000,0,9857.05,9857.05,0,99838.2,0,0,0,0,55006.7,290340.91,374804.2,0,0,290340.91
MARCUS VICENTE,0,0,0,0,0,0,6250,0,0,0,0,0,0,0,0,0,0
MARGARIDA SALOMAO,8906.07,0,0,0,2510.1,0,94526.83,0,0,0,0,62500,2484,0,0,0,2484
MARIA APARECIDA BORGHETTI,0,0,0,0,0,0,0,0,0,0,0,0,552210.12,0,0,0,552210.12
MARIA DO CARMO ALVES,875,50803.18,0,108144.97,108144.97,0,0,0,0,0,0,1500,444955.7,0,0,0,444955.7
MARIA DO ROSARIO,0,0,0,16250,21385.3,0,0,0,0,0,0,28000,17150,0,0,0,17150
MARIA LUCIA PRANDI,0,0,0,0,0,0,0,0,0,0,0,0,83747.43,30,0,0,83747.43
MARINALDO ROSENDO,0,0,0,0,0,0,0,0,0,0,0,0,3000,0,0,0,3000
MARINHA RAUPP,20100,1000,0,126054.75,143011.75,164904.58,124513.18,0,0,0,1000,13899.2,0,0,0,0,0
MARIO COUTO,40625,0,0,168307,168307,0,20325,0,0,0,0,0,0,0,0,0,0
MARIO DE OLIVEIRA,28088.44,0,0,15032.77,15032.77,0,13849.41,0,0,0,0,0,142026.2,0,0,0,142026.2
MARIO FEITOZA,0,0,0,2540.08,2540.08,0,114395.73,0,0,0,0,0,92219.38,30986.29,0,0,92219.38
MARIO HERINGER,0,0,0,17500,17500,0,23250,0,0,0,0,0,0,0,0,0,0
MARIO NEGROMONTE,0,0,0,141624.04,141624.04,0,120604.91,0,0,0,0,0,69002.81,0,0,0,69002.81
MARIO NEGROMONTE JUNIOR,0,0,174035.2,6250,6250,0,0,0,174035.2,174035.2,0,0,0,0,0,0,174035.2
MARLLOS SAMPAIO,0,1118424.09,0,0,0,0,470604.41,0,0,0,0,78840.15,48192.75,0,0,0,48192.75
MARQUINHO MENDES,0,0,0,50000,50000,0,0,0,0,0,0,0,0,0,0,0,0
MARTA SUPLICY,0,0,0,0,0,0,0,0,0,0,0,0,0,3338,0,0,0
MAURICIO QUINTELLA LESSA,15000,0,9998.56,115388.59,115388.59,0,0,0,9998.56,9998.56,0,40000,180830.63,0,0,0,190829.19
MAURICIO TRINDADE,25000,542231.76,0,0,0,0,0,0,0,0,0,0,304151.2,0,0,0,304151.2
MAURO BENEVIDES,9948.98,0,0,242404.99,242404.99,0,0,0,0,0,0,0,204095.05,0,0,0,204095.05
MAURO LOPES,746687.5,0,0,13746.28,13746.28,0,51301.16,0,0,0,0,0,205221.54,0,0,0,205221.54
MAURO MARIANI,317259.86,12582.26,0,218246.15,218246.15,0,106852.29,0,0,22580.43,0,0,480361.49,1395175.31,0,0,480361.49
MAURO NAZIF,0,0,0,0,0,455098,0,0,0,0,0,0,0,0,0,0,0
MAURO PEREIRA,76280,0,0,0,0,0,17500,0,0,0,0,0,81027.19,0,0,0,81027.19
MAX FILHO,0,0,0,357,357,0,0,0,0,0,0,0,26130,0,0,0,26130
MENDONCA FILHO,0,0,2477975.67,39963,39963,0,52943,0,2477975.67,2477975.67,0,0,259318.59,6147212.13,0,0,2737294.26
MENDONCA PRADO,0,0,0,0,10000,0,250,26290.35,0,0,0,0,83215.75,0,26290.35,0,83215.75
MIGUEL CORREA,130950,65954.47,0,87055.06,87055.06,0,126611.35,0,0,0,13600.1,0,223044.4,0,0,0,223044.4
MIGUEL HADDAD,0,0,0,0,0,0,0,0,0,0,0,0,232298.19,0,0,0,232298.19
MIGUEL LOMBARDI,0,0,0,0,0,0,5022.73,0,0,0,0,0,0,0,0,0,0
MILTON MONTI,0,75793.15,0,54447.8,54447.8,0,186525.93,0,0,0,28353.99,0,1382988.66,94000,0,0,1382988.66
MIRIQUINHO BATISTA,0,0,0,0,0,0,74908.75,0,0,0,0,65870.67,147227.9,0,0,0,147227.9
MIRO TEIXEIRA,0,310490.51,0,0,128846.81,0,0,0,0,0,0,0,49448,1e+05,0,0,49448
MISAEL VARELLA,0,0,0,0,0,0,0,0,0,0,0,0,0,0,0,0,0
MISSIONARIO JOSE OLIMPIO,0,0,0,0,0,0,64933.28,0,0,0,0,0,1471362.41,50.38,0,0,1471362.41
MOREIRA MENDES,17000,0,0,0,0,642874.38,0,0,0,0,0,0,0,0,0,0,0
MOSES RODRIGUES,0,0,0,877.5,877.5,0,58500,0,0,0,0,0,0,2e+05,0,0,0
MOZARILDO CAVALCANTI,0,0,0,0,0,259888.41,0,0,0,0,0,0,87833.64,0,0,0,87833.64
NARCIO RODRIGUES,0,0,0,0,0,0,0,647537.45,0,0,0,0,38956.4,2000,647537.45,0,38956.4
NATAN DONADON,64018.5,0,0,0,0,236735,0,0,0,0,0,0,0,0,0,0,0
NAZARENO FONTELES,0,0,0,0,0,0,0,0,0,0,0,86000.87,1554673.56,0,0,0,1554673.56
NELSON MARCHEZAN JUNIOR,1332743.96,0,0,8531.8,17794.3,0,264256.12,0,0,0,0,0,705475.59,0,0,0,705475.59
NELSON MARQUEZELLI,896529.6,0,0,458398.25,458398.25,0,0,43800,0,0,0,27777.78,156256.93,50551,43800,0,156256.93
NELSON MEURER,408401.86,129588.75,0,80614.81,80614.81,0,95996.96,0,0,7281.96,10000,0,1106751.42,5.51,0,0,1106751.42
NELSON PADOVANI,781887.88,0,0,0,0,0,22439,0,0,7000,0,0,391517.64,0,0,0,391517.64
NELSON PELLEGRINO,341508.57,241600,10000,80758.81,80758.81,0,12500,0,10000,10000,241600,0,131654.7,0,0,0,141654.7
NEWTON CARDOSO,124438.25,0,2500,61555,61555,0,119310.88,0,2500,2500,0,11529.33,225427.92,0,0,0,227927.92
NEWTON CARDOSO JR,6250,0,0,0,0,0,0,0,0,0,0,0,19785.66,0,0,0,19785.66
NEWTON LIMA,9750,0,0,71079.29,116079.29,0,254078.46,0,0,0,0,0,1707775.54,60811.83,0,9000,1707775.54
NICE LOBAO,66900,0,0,77091,77091,0,47300,0,0,0,0,0,267222.31,0,0,0,267222.31
NILDA GONDIM,0,112750.95,0,55517.86,55517.86,0,43326.03,0,0,0,112750.95,7024,40323.91,1200,0,0,40323.91
NILMARIO MIRANDA,0,15000,0,32022.48,37822.48,0,0,0,0,0,15000,72000,56032.11,11343.99,0,0,56032.11
NILSON LEITAO,647471.69,0,0,171311.46,171311.46,0,203281.41,0,0,0,0,0,333954.31,64003.09,0,0,333954.31
NILSON PINTO,16484.8,0,0,18897.41,18897.41,0,0,284189,0,0,0,46117.34,720472.61,0,284189,0,720472.61
NILTO TATTO,0,8290,0,0,0,0,30746.97,0,0,0,8290,0,6900,0,0,0,6900
NILTON CAPIXABA,24750,0,0,0,0,434213.08,0,0,0,0,0,75000,122250,0,0,0,122250
ODAIR CUNHA,312904.82,40500,0,173448.03,173448.03,0,110456.01,0,0,0,40500,0,226075.89,50000,0,0,226075.89
ODILIO BALBINOTTI,423105.96,0,0,239194.44,239194.44,0,0,0,0,0,0,0,42821.7,0,0,0,42821.7
ODORICO MONTEIRO,0,0,4000,0,0,0,0,0,4000,4000,0,0,0,0,0,0,4000
ONOFRE SANTO AGOSTINI,806695.02,0,0,17403,17403,0,0,0,0,0,0,0,424410.54,0,0,0,424410.54
ONYX LORENZONI,676995.3,188059.89,0,0,0,0,7500,0,0,0,0,0,613347.57,0,0,0,613347.57
ORLANDO SILVA,0,0,0,0,0,0,6500,0,0,0,0,0,0,0,0,0,0
OSMAR JUNIOR,0,0,0,0,0,0,28328,0,0,0,0,180354.17,0,0,0,0,0
OSMAR SERRAGLIO,170831.27,28433.33,0,240858.76,378055.07,0,134453.98,0,0,10322.62,0,0,1460303.72,2008.31,0,0,1460303.72
OSMAR TERRA,1584119.86,122500,59450.97,195044.05,195044.05,0,576403.98,0,59450.97,59450.97,0,7720,553087.15,3450,0,0,612538.12
OSVALDO REIS,37325,0,0,466318.1,466318.1,0,8750,0,0,0,0,0,493.59,0,0,0,493.59
OSVALDO SOBRINHO,58280.15,0,0,73980,73980,0,32500,0,0,0,0,15000,209227.82,875010.94,0,0,209227.82
OTAVIO LEITE,0,69559.31,147192,61173.18,61173.18,0,0,27485.67,0,0,0,0,0,0,27485.67,0,0
OTONIEL LIMA,3894.45,0,0,197857.97,197857.97,0,0,110602,0,0,0,0,466969.51,13872.44,110602,0,466969.51
OTTO ALENCAR,0,0,0,0,0,0,0,0,0,0,0,0,32877.9,0,0,0,32877.9
OZIEL OLIVEIRA,0,0,0,0,0,0,0,0,0,0,0,10940,71295.12,0,0,0,71295.12
PADRE JOAO,51803.32,275588.38,0,0,0,0,56658.51,0,0,0,275588.38,0,175506.71,3510,0,0,175506.71
PADRE TON,0,442478.75,0,0,0,704208.89,0,0,0,0,442478.75,0,0,200,0,0,0
PAES LANDIM,44797.47,0,0,0,0,0,0,0,0,0,0,490679.51,67946.59,0,0,0,67946.59
PASTOR EURICO,0,0,0,108437.5,108437.5,0,0,0,0,0,0,0,197436,10451780.93,0,0,197436
PASTOR MARCO FELICIANO,0,0,0,77613.43,77613.43,0,453233.85,0,0,0,0,0,384336.42,27563.82,0,0,384336.42
PAUDERNEY AVELINO,7110,0,0,0,0,34655.84,0,0,0,0,0,1516.8,0,500,0,0,0
PAULAO,0,23857,0,15000,230554.6,0,0,0,0,0,23857,0,66783.27,13860,0,0,66783.27
PAULO ABI-ACKEL,317209.81,0,0,0,0,0,17334.47,0,0,0,0,0,711687.73,0,0,0,711687.73
PAULO AZI,0,0,0,0,0,0,12500,0,0,0,0,0,495,0,0,0,495
PAULO BAUER,16250,0,0,0,0,0,0,0,0,0,0,0,77940.14,213620.25,0,0,77940.14
PAULO BORNHAUSEN,0,0,1859690.6,0,0,0,0,0,0,0,0,2200,406398.2,552000,0,0,406398.2
PAULO CESAR QUARTIERO,0,0,0,0,0,9350,0,0,0,0,0,3100,0,0,0,0,0
PAULO DAVIM,184097.63,0,0,226591.61,226591.61,0,265722.04,0,0,0,0,1000,100430.92,12813.22,0,0,100430.92
PAULO FEIJO,20000,9723.16,0,5000,5000,0,16474.77,0,0,0,0,0,237885.9,0,0,0,237885.9
PAULO FERREIRA,535854.25,0,0,0,21000,0,942937.6,0,0,0,0,35000,672907.46,0,0,0,672907.46
PAULO FOLETTO,765961.29,0,0,0,0,0,694632.48,0,0,0,0,0,320161.33,24654,0,0,320161.33
PAULO FREIRE,0,73200,0,54063.62,54063.62,0,39841.98,0,0,0,0,0,906065.21,422500,0,0,906065.21
PAULO HENRIQUE LUSTOSA,15000,0,0,0,0,0,160885.22,0,0,0,0,231500,27080.15,0,0,0,27080.15
PAULO MAGALHAES,199965.2,25000,0,41860.28,41860.28,0,439056.26,0,0,0,25000,27288.5,343441.62,0,0,0,343441.62
PAULO MALUF,66600.29,120188.1,0,0,0,0,6250,0,0,0,0,0,1194971.09,106600.62,0,0,1194971.09
PAULO PAIM,1087096.18,71952.03,0,293903.88,308903.88,0,394117.93,0,0,0,71952.03,0,990960.64,0,0,0,990960.64
PAULO PEREIRA DA SILVA,13410,0,0,91684.61,91684.61,0,70523.75,42106.66,0,0,0,0,880117.62,41776,42106.66,0,880117.62
PAULO PIMENTA,119466,470413.09,20883.31,103233.12,103233.12,0,1031211.15,0,0,0,459313.09,38993.54,1081504.36,0,0,0,1081504.36
PAULO ROCHA,0,0,0,0,0,0,0,0,0,0,0,0,17612,0,0,0,17612
PAULO RUBEM SANTIAGO,27084,0,193863.9,4372.6,4372.6,0,0,0,173863.9,173863.9,0,127782.62,0,6117382.13,0,140500,173863.9
PAULO TEIXEIRA,0,136626,103024,0,0,0,73102.52,12500,0,0,91426,10711.54,608247.3,154.79,12500,0,608247.3
PAULO WAGNER,45595.73,0,0,189418.75,189418.75,0,66176.04,0,0,0,0,0,209496.6,0,0,0,209496.6
PEDRO CHAVES,269543.91,74620,26622,53897.96,53897.96,0,141744.33,0,26622,26622,63620,437200,52102.48,2500,0,0,78724.48
PEDRO CUNHA LIMA,0,0,0,0,0,0,3225,0,0,0,0,0,7357,0,0,0,7357
PEDRO EUGENIO,0,175900,0,0,0,0,0,0,0,0,175900,40800,70854.17,6419712.28,0,0,70854.17
PEDRO FERNANDES,0,0,0,6250,6250,0,12500,0,0,0,0,25997.84,38282.78,0,0,0,38282.78
PEDRO HENRY,0,0,0,0,0,0,0,0,0,0,0,0,92859.34,0,0,0,92859.34
PEDRO NOVAIS,0,0,0,129522.31,129522.31,0,0,0,0,0,0,106000,126650.6,0,0,0,126650.6
PEDRO PAULO,0,0,753.39,0,0,0,0,0,0,0,0,0,0,0,0,0,0
PEDRO TAQUES,0,0,0,211956.52,211956.52,0,0,0,0,0,0,16000,0,118668.15,0,0,0
PEDRO UCZAI,0,1371729.17,0,120854.3,120854.3,0,463830.27,0,0,0,1366729.17,0,843089.56,0,0,0,843089.56
PEDRO VILELA,0,0,0,0,0,0,0,0,0,0,0,0,0,0,0,0,0
PENNA,10024.2,0,0,0,0,0,0,91849.73,0,0,0,0,1310594.76,2900,91849.73,0,1310594.76
PEPE VARGAS,0,518190.88,0,56500,56500,0,34500,0,0,0,518190.88,1840,93103.75,1000,0,0,93103.75
PERPETUA ALMEIDA,700,162026.2,105263.16,0,0,71326.67,118211.87,0,105263.16,105263.16,153717.42,0,11738.72,0,0,0,117001.88
PINTO ITAMARATY,0,12000,0,116674.24,116674.24,0,46963.96,0,0,0,12000,3507.9,61100,0,0,0,61100
POLICARPO,0,263992.08,0,0,0,0,508797.67,0,0,0,263992.08,3000,207818.84,0,0,0,207818.84
POMPEO DE MATTOS,0,0,0,21250,21250,0,2925,0,0,0,0,0,30450,0,0,0,30450
PR. MARCO FELICIANO,0,0,0,0,0,0,0,0,0,0,0,0,142375.76,15000,0,0,142375.76
PROFESSOR SERGIO DE OLIVEIRA,282540.59,0,0,0,0,0,0,397234,0,0,0,0,1654908.42,0,397234,0,1654908.42
PROFESSOR SETIMO,58461.22,0,0,47000,47000,0,2000,0,0,0,0,175760.57,3981.82,0,0,0,3981.82
PROFESSOR VICTORIO GALLI,0,0,0,0,0,0,0,0,0,0,0,0,19127,0,0,0,19127
PROFESSORA DORINHA SEABRA REZENDE,41250,13082.88,8200,60982.02,60982.02,0,387975.16,0,8200,8200,0,23460,252672.09,700,0,0,260872.09
RAFAEL MOTTA,2437.35,0,0,0,0,0,0,0,0,0,0,0,34708.85,0,0,0,34708.85
RAIMUNDO GOMES DE MATOS,100600,441822.2,107800,138479.48,138479.48,0,390523.42,0,0,0,0,52629.95,328539.29,0,0,0,328539.29
RAIMUNDO LIRA,0,0,0,2925,2925,0,8687.5,0,0,0,0,0,44338.34,0,0,0,44338.34
RANDOLFE RODRIGUES,0,27550,0,0,99725.22,323596.93,22483.54,98239.99,0,0,0,0,0,0,98239.99,0,0
RAQUEL MUNIZ,0,0,0,0,0,0,1078.16,0,0,0,0,0,0,0,0,0,0
RATINHO JUNIOR,14750,0,0,0,0,0,0,0,0,0,0,0,47600.81,0,0,0,47600.81
RAUL HENRY,284173.28,0,0,394067.01,394067.01,0,17899.64,0,0,0,0,0,302824.15,10412480.93,0,0,302824.15
RAUL LIMA,8000,0,0,0,0,265056.66,0,0,0,0,0,0,0,0,0,0,0
REBECCA GARCIA,0,0,0,0,0,478120,0,0,0,0,0,0,0,0,0,0,0
REGINALDO LOPES,192392.91,0,0,19289.08,19289.08,0,149043.89,0,0,0,0,0,527649.9,12000,0,0,527649.9
REGUFFE,0,0,0,0,0,0,0,434323.35,0,0,0,0,0,0,434323.35,0,0
REINALDO AZAMBUJA,891058.15,9100.2,7322,0,0,0,197049.18,106000,0,0,9100.2,455697.22,0,11438.33,106000,0,0
REINHOLD STEPHANES,164781.71,268237.66,0,40010.62,40010.62,0,38314.33,0,0,0,268237.66,0,419873.63,25000,0,0,419873.63
REMIDIO MONAI,0,0,0,0,0,0,0,0,0,0,0,9619.08,0,0,0,0,0
RENAN CALHEIROS,10000,0,103000,149187.5,149187.5,0,40000,0,103000,103000,0,5000,90167.96,0,0,0,193167.96
RENAN FILHO,0,0,0,79000,79000,0,95000,43000,0,0,0,31245.21,14800,0,43000,0,14800
RENATA ABREU,0,0,0,5046.29,5046.29,0,12000,0,0,0,0,0,0,0,0,0,0
RENATO MOLLING,298098.78,0,0,433657.26,433657.26,0,300360.85,0,0,0,0,0,1915329.05,161794,0,0,1915329.05
RENATO SIMOES,0,0,0,0,0,0,0,0,0,0,0,32426.24,442557.03,4000,0,0,442557.03
RENZO BRAZ,77559.87,0,5000,68358.47,68358.47,0,0,0,5000,5000,0,0,679449.57,12554.2,0,0,684449.57
RICARDO BARROS,48250,0,0,0,0,0,0,0,0,0,0,0,0,0,0,0,0
RICARDO BERZOINI,11369,0,162380,244,8776.99,0,44789.4,0,0,0,0,0,1751907.87,118691.16,0,0,1751907.87
RICARDO FERRACO,836415.55,39181,45000,25000,25000,0,126276.98,0,45000,45000,0,0,538826.61,70.12,0,0,583826.61
RICARDO IZAR,0,17673.11,0,0,0,0,92643.24,0,0,0,0,580,1138340.2,16604,0,0,1138340.2
RICARDO TEOBALDO,0,0,0,8000,8000,0,24510,0,0,0,0,0,30000,0,0,0,30000
RICARDO TRIPOLI,0,0,0,0,0,0,0,0,0,0,0,0,928320.75,0,0,0,928320.75
ROBERTO ALVES,0,0,0,0,0,0,2500,0,0,0,0,0,10400,0,0,0,10400
ROBERTO BALESTRA,462047.8,35845.92,0,0,0,0,37288.85,0,0,0,0,14027.12,392800.05,73432,0,0,392800.05
ROBERTO BRITTO,85000,0,0,98772.99,98772.99,0,6250,0,0,0,0,0,240206.99,83200,0,0,240206.99
ROBERTO DE LUCENA,0,0,183179.7,268149.43,269159.53,0,70579.14,0,0,0,0,65750,839715.59,75817.37,0,0,839715.59
ROBERTO DORNER,0,0,0,0,0,0,0,0,0,0,0,0,187768.89,0,0,0,187768.89
ROBERTO FREIRE,0,0,812524.16,0,0,0,0,0,0,0,0,0,0,0,0,0,0
ROBERTO REQUIAO,634405.86,100365,0,5000,5000,0,33498,0,0,0,100365,36000,981113.11,0,0,0,981113.11
ROBERTO SALES,0,0,0,0,0,0,35152.7,0,0,0,0,0,0,0,0,0,0
ROBERTO SANTIAGO,202951.31,0,2525.25,113166.33,299259.92,0,164723.07,0,0,0,0,50000,389793.52,0,0,0,389793.52
ROBERTO TEIXEIRA,39000,0,0,205264,205264,0,355997.6,0,0,0,0,0,117812.5,0,0,0,117812.5
RODRIGO DE CASTRO,362225.26,0,0,12500,12500,0,21624.4,0,0,0,0,0,46159.99,0,0,0,46159.99
RODRIGO GARCIA,0,12880,0,63000,63000,0,0,0,0,0,0,0,0,0,0,0,0
RODRIGO MAIA,10000,6640,0,0,0,0,37000,0,0,0,0,0,572223.78,0,0,0,572223.78
RODRIGO MARTINS,0,0,0,0,0,0,0,0,0,0,0,8937.76,0,0,0,0,0
RODRIGO PACHECO,650,0,0,0,0,0,500,0,0,0,0,0,0,4.2,0,0,0
RODRIGO ROLLEMBERG,0,7500,0,0,0,0,0,0,0,0,7500,25000,0,0,0,0,0
ROGERIO CARVALHO,0,19550,0,8750,8750,0,716945.23,5230.4,0,0,19550,0,568617.48,0,5230.4,0,568617.48
ROGERIO PENINHA MENDONCA,1196713,0,1000,415446.38,415446.38,0,36897.95,57810,1000,1000,0,0,958816.8,32000,57810,0,959816.8
ROMARIO,0,20203,0,0,0,0,879880,0,0,0,0,0,0,0,0,0,0
ROMERO JUCA,0,0,0,0,0,1081978.27,0,0,0,0,0,0,0,0,0,0,0
ROMERO RODRIGUES,100300,0,0,0,0,0,0,0,0,0,0,0,0,0,0,0,0
ROMULO GOUVEIA,0,0,0,0,0,0,0,0,0,0,0,0,19046,0,0,0,19046
RONALDO BENEDET,568248.53,249468.07,0,161676.38,161676.38,0,10500,0,0,0,249468.07,39150,531760.88,200420,0,0,531760.88
RONALDO CAIADO,562821.38,20010,0,38897.96,38897.96,0,0,0,0,0,20010,0,55509.13,319789.85,0,0,55509.13
RONALDO CARLETTO,0,0,0,0,0,0,300,0,0,0,0,0,0,0,0,0,0
RONALDO FONSECA,0,0,0,97500,97500,0,87524.56,237767.69,0,0,0,61555.56,120937.28,0,237767.69,0,120937.28
RONALDO LESSA,0,0,0,29000,29000,0,0,0,0,0,0,0,0,0,0,0,0
RONALDO MARTINS,0,0,4009,0,0,0,0,0,4009,4009,0,0,0,0,0,0,4009
RONALDO NOGUEIRA,938705.3,726538,13043,66420.3,66420.3,0,171835.18,0,0,0,706538,0,943152.84,0,0,0,943152.84
RONALDO ZULKE,0,838404.36,0,91318.44,120618.44,0,45000,0,0,0,838404.36,0,1381224.98,601.32,0,0,1381224.98
ROSANE FERREIRA,991264.41,38068.53,0,304662.92,304662.92,0,273740.25,0,0,0,0,85751.7,859146.82,0,0,0,859146.82
ROSANGELA GOMES,0,0,0,0,0,0,12000,0,0,0,0,0,186571.5,0,0,0,186571.5
ROSE DE FREITAS,1475539.52,123823.33,10000,332358.94,332358.94,0,510445.67,0,10000,10000,123823.33,0,116244.6,275000,0,0,126244.6
ROSINHA DA ADEFAL,0,0,0,91368.36,91368.36,0,25000,0,0,0,0,0,110746.94,0,0,0,110746.94
RUBEN FIGUEIRO,0,0,0,0,0,0,0,0,0,0,0,434697.22,0,518560.6,0,0,0
RUBENS BUENO,57521.05,0,0,136200,139075.92,0,108763.05,0,0,0,0,1400,225836.76,23800,0,0,225836.76
RUBENS OTONI,129894.39,71810.52,0,81900,81900,0,116599.22,0,0,0,8000,0,537548.15,0,0,0,537548.15
RUBENS PEREIRA JUNIOR,0,0,0,0,0,0,0,0,0,0,0,4450,0,0,0,0,0
RUI COSTA,0,0,0,0,0,0,0,0,0,0,0,0,0,0,0,0,0
RUY CARNEIRO,17961.4,0,650,0,0,0,309799.67,0,650,650,0,3760,111379.33,0,0,0,112029.33
SABINO CASTELO BRANCO,0,0,0,0,0,314975,0,0,0,0,0,0,0,0,0,0,0
SAGUAS MORAES,0,330689.3,10000,68950,68950,0,6900,0,10000,10000,283439.09,0,661294.81,276800,0,0,671294.81
SALVADOR ZIMBALDI,0,0,943262.22,0,0,0,0,420268.24,0,0,0,0,387654.81,0,420268.24,0,387654.81
SAMUEL MOREIRA,0,0,0,0,0,0,0,0,0,0,0,0,14907.39,0,0,0,14907.39
SANDES JUNIOR,183850.43,0,0,0,0,0,0,0,0,0,0,0,361115.3,0,0,0,361115.3
SANDRA ROSADO,88888.9,0,40700,7819.9,7819.9,0,42000,0,40700,40700,0,111189.02,179411.57,0,0,0,220111.57
SANDRO ALEX,314612.86,205154.5,0,6250,6250,0,413618.66,13084.8,0,0,185250,0,473321.23,1446.7,13084.8,0,473321.23
SANDRO MABEL,415828.73,0,0,61905.9,61905.9,0,69189.51,0,0,0,0,51000,390210.51,24343.88,0,0,390210.51
SARAIVA FELIPE,116015.34,251,0,0,0,0,324444.53,0,0,0,0,152880.54,139511.31,0,0,0,139511.31
SARNEY FILHO,0,0,0,305609.11,305609.11,0,0,0,0,0,0,0,34422.83,0,0,0,34422.83
SEBASTIAO BALA ROCHA,0,56365.39,0,0,0,294000,0,0,0,0,0,378963.68,0,0,0,0,0
SERGIO BRITO,170000,0,95200,42000,42000,0,444767.23,0,95200,95200,0,95929.49,50900,16001.48,0,0,146100
SERGIO GUERRA,13900,0,12500,345709.37,345709.37,0,0,0,12500,12500,0,0,15000,0,0,0,27500
SERGIO MORAES,825105.97,139300,0,6250,6250,0,482034.01,0,0,0,0,0,926073.02,36436,0,0,926073.02
SERGIO PETECAO,0,17450,0,20000,20000,87656.24,114680.5,66763.75,0,0,17450,22322.45,21900,0,66763.75,0,21900
SERGIO REIS,0,0,0,0,0,0,0,0,0,0,0,0,0,0,0,0,0
SERGIO SOUZA,600403.99,0,0,53662.13,53662.13,0,17186.16,0,0,205488.81,0,0,397908.82,0,0,0,397908.82
SERGIO VIDIGAL,0,0,0,0,0,0,6250,0,0,0,0,75000,0,0,0,0,0
SERGIO ZVEITER,0,0,0,16605.96,16605.96,0,184436.77,713493.42,0,0,0,0,858533.36,0,713493.42,0,858533.36
SEVERINO NINHO,0,8615.5,34000,0,0,0,0,127266.56,34000,34000,0,125000,0,6117212.13,127266.56,0,34000
SIBA MACHADO,54906.37,29042,0,121875,121875,345735.6,500,0,0,0,29042,36976.67,19150,0,0,0,19150
SILAS BRASILEIRO,48538.26,103493.56,0,3050,3050,0,44353,0,0,0,0,0,149875.87,0,0,0,149875.87
SILAS CAMARA,0,0,0,0,0,326887.76,0,0,0,0,0,0,0,500,0,0,0
SILVIO COSTA,115256.25,0,459922.38,173292.38,173292.38,0,0,0,0,0,0,0,681533.62,6117212.13,0,0,681533.62
SILVIO TORRES,3750,0,0,0,0,0,41280,0,0,0,0,0,5689.59,50355.94,0,0,5689.59
SIMAO SESSIM,0,0,0,1e+05,1e+05,0,169128.85,0,0,0,0,0,1002287.64,0,0,0,1002287.64
SIMONE MORGADO,0,0,0,1000,1000,0,0,0,0,0,0,15012.3,6900,0,0,0,6900
SIMPLICIO ARAUJO,0,0,0,0,0,0,0,0,0,0,0,17733.33,5000,0,0,0,5000
SORAYA SANTOS,0,0,0,7430.02,7430.02,0,5000,0,0,0,0,0,6741.79,0,0,0,6741.79
SOSTENES CAVALCANTE,0,0,0,0,0,0,0,0,0,0,0,0,0,0,0,0,0
STEFANO AGUIAR,22269.4,0,0,49491.92,49491.92,0,4000,0,0,0,0,0,295132.91,0,0,0,295132.91
STEPAN NERCESSIAN,0,0,0,0,0,0,0,0,0,0,0,738041.55,0,2150,0,0,0
SUBTENENTE GONZAGA,0,16000,0,0,5000,0,0,22059.17,0,0,16000,0,10000,0,22059.17,0,10000
SUELI VIDIGAL,183049.8,291460,0,37500,37500,0,807319.75,0,0,0,0,0,1411956.35,2000,0,0,1411956.35
TADEU ALENCAR,0,0,0,0,0,0,0,0,0,0,0,0,100484.12,0,0,0,100484.12
TAKAYAMA,82204.3,62110.05,0,33890.09,33890.09,0,0,0,0,0,0,104200,1307843.6,0,0,0,1307843.6
TASSO JEREISSATI,0,0,0,0,0,0,0,0,0,0,0,0,5495.33,0,0,0,5495.33
TAUMATURGO LIMA,0,44310.67,0,0,0,337154.75,0,87243.41,0,0,44310.67,21984.48,500,0,87243.41,92461.12,500
TENENTE LUCIO,4000,0,0,0,0,0,0,0,0,0,0,0,0,0,0,0,0
TERESA SURITA,0,0,0,243750,243750,385000,0,0,0,0,0,0,0,0,0,0,0
TEREZA CRISTINA,0,0,0,0,0,0,0,0,0,0,0,137691.31,0,0,0,0,0
THIAGO PEIXOTO,0,5000,0,0,0,0,0,0,0,0,0,0,210190.25,0,0,0,210190.25
TIA ERON,0,0,0,10000,10000,0,51938.19,0,0,0,0,0,0,0,0,0,0
TIRIRICA,140036.7,91276.59,0,0,338272.73,0,1758185.76,0,0,0,0,0,514226.71,59.87,0,0,514226.71
TONINHO PINHEIRO,8415,0,0,0,0,0,128976.66,0,0,0,0,0,1827198.97,0,0,0,1827198.97
TONINHO WANDSCHEER,0,0,0,0,0,0,6020.1,0,0,0,0,0,0,0,0,0,0
URZENI ROCHA,0,0,0,0,0,286311.1,0,0,0,0,0,0,0,0,0,0,0
VALADARES FILHO,3750,0,0,37254.08,95419.08,0,46025,0,0,0,0,0,296285.03,0,0,0,296285.03
VALDEMAR COSTA NETO,299158,0,0,24224.66,24224.66,0,125000,0,0,0,0,0,1069199.37,676505.26,0,0,1069199.37
VALDIR COLATTO,975448.07,0,0,6250,6250,0,6738.48,0,0,0,0,0,983190.95,0,0,0,983190.95
VALDIR RAUPP,317015.9,0,0,0,0,328427.58,199866.49,0,0,0,0,0,0,10000,0,0,0
VALMIR ASSUNCAO,0,489102.53,0,0,0,0,319610.3,0,0,0,489102.53,26316,133860,1986.52,0,0,133860
VALMIR PRASCIDELLI,0,0,0,0,0,0,0,0,0,0,0,0,250,0,0,0,250
VALTENIR PEREIRA,0,0,375064.86,21250,21250,0,150516.88,0,0,0,0,104728.64,203725.71,158098.08,0,0,203725.71
VANDER LOUBET,0,0,0,63834.72,63834.72,0,189463.29,0,0,0,0,1128884.13,1524269.71,1367128.46,0,0,1524269.71
VANDERLEI MACRIS,0,23444.17,0,19378.57,19378.57,0,414759.98,0,0,0,0,0,449734.01,36491.62,0,0,449734.01
VANDERLEI SIRAQUE,0,37000,0,180315.18,180315.18,0,30000,0,0,0,37000,1e+05,408146.69,0,0,0,408146.69
VANESSA GRAZZIOTIN,260000,0,90000.45,0,6000,49814,799871.1,0,90000.45,90000.45,0,0,0,0,0,0,90000.45
VAZ DE LIMA,431168.95,0,0,0,0,0,83607.48,0,0,0,0,0,459178.85,1000.43,0,0,459178.85
VENEZIANO VITAL DO REGO,0,0,0,16150,16150,0,43687.5,0,0,0,0,0,8488,0,0,0,8488
VICENTE ALVES,144077.5,0,0,50500,50500,0,24423.84,0,0,0,0,0,0,0,0,0,0
VICENTE ARRUDA,9850,0,14205,343420.69,343420.69,0,400,0,14205,14205,0,33348.33,138946.99,0,0,0,153151.99
VICENTE CANDIDO,0,4846,0,79769.77,204429.77,0,478658.33,0,0,0,4846,423682,42590.77,0,0,0,42590.77
VICENTINHO,75244,377962.53,0,0,0,0,71275,77586.68,0,0,239960,76335,7696.4,0,77586.68,0,7696.4
VICENTINHO ALVES,500,10417,0,79129.86,79129.86,0,5200,0,0,0,0,67292.82,33206.24,0,0,0,33206.24
VICENTINHO JUNIOR,0,0,0,0,0,0,0,0,0,0,0,53399.3,0,0,0,0,0
VIEIRA DA CUNHA,729756.25,0,0,152003.72,152003.72,0,86228.92,0,0,0,0,0,628492.58,0,0,0,628492.58
VILALBA,0,0,0,2000,2000,0,0,0,0,0,0,0,317227.82,169240,0,0,317227.82
VILMAR ROCHA,99950,0,34600,60937.5,60937.5,0,75553.54,0,0,0,0,0,249007.95,0,0,0,249007.95
VILSON COVATTI,988559.69,0,0,78823.06,78823.06,0,302455.36,0,0,0,0,0,1489987.83,57172.01,0,0,1489987.83
VINICIUS CARVALHO,0,0,0,0,0,0,4000,0,0,0,0,0,32391.35,0,0,0,32391.35
VINICIUS GURGEL,0,0,0,0,0,434200.25,0,222000,0,0,0,3816.65,0,0,222000,0,0
VITAL DO REGO,0,0,14000,43932.1,43932.1,0,152847.16,0,14000,14000,0,0,8150,1000,0,0,22150
VITOR LIPPI,0,0,0,0,0,0,7424.24,0,0,0,0,0,31364.35,0,0,0,31364.35
VITOR PAULO,0,40000,0,20312.5,20312.5,0,154000,0,0,0,0,0,0,1e+05,0,0,0
VITOR PENIDO,48240,50000,0,0,0,0,145143.63,0,0,0,0,38893.11,116153.37,9829.38,0,0,116153.37
WADSON RIBEIRO,0,0,0,0,0,0,20000,0,0,0,0,0,0,0,0,0,0
WALDEMIR MOKA,919581.37,123497,0,206629.72,206629.72,0,593017.38,0,0,0,10500,35086.8,2510057.77,327924.11,0,0,2510057.77
WALDENOR PEREIRA,7450,759323,0,0,0,0,24150.86,0,0,0,759323,0,488900.51,0,0,0,488900.51
WALDIR MARANHAO,74000,0,14000,71500,71500,0,37050,0,0,0,0,47185.75,139134.94,40817,0,0,139134.94
WALNEY ROCHA,400,36900,0,57592.55,57592.55,0,999095.71,0,0,0,0,0,135353,0,0,0,135353
WALTER ALVES,0,0,0,25500,25500,0,11500,0,0,0,0,0,37200,0,0,0,37200
WALTER FELDMAN,36250,0,0,5000,5000,0,0,0,0,0,0,0,159594.44,329920,0,0,159594.44
WALTER IHOSHI,608016.2,0,0,0,0,0,696207.97,0,0,0,0,0,584729.56,18000,0,0,584729.56
WALTER PINHEIRO,208105.09,15242,0,105103,105103,0,0,0,0,0,15242,0,115917.05,0,0,0,115917.05
WALTER TOSTA,0,221428.26,0,0,0,0,0,0,0,0,221428.26,0,57517.41,0,0,0,57517.41
WANDENKOLK GONCALVES,297572,0,0,6000,6000,0,342499.98,0,0,0,0,0,82302.67,0,0,0,82302.67
WASHINGTON REIS,0,0,0,0,0,0,311019.06,1049912.31,0,0,0,35000,10063.26,0,1049912.31,0,10063.26
WELITON PRADO,188835.67,144000,0,10140,10140,0,219097.74,0,0,0,0,0,184474.25,80,0,0,184474.25
WELLINGTON DIAS,0,0,0,0,0,0,12292.79,0,0,0,0,513313.11,1552673.56,0,0,0,1552673.56
WELLINGTON FAGUNDES,0,118100.03,0,210695.2,237095.2,0,137500,0,0,0,0,106715.36,193243.28,875000,0,0,193243.28
WELLINGTON ROBERTO,78435,250,610,64533.22,64533.22,0,100963.02,0,610,610,250,18097,78460.75,18410,0,0,79070.75
WEVERTON ROCHA,31494.59,0,0,0,0,0,0,0,0,0,0,10300.3,92644.59,0,0,0,92644.59
WHERLES ROCHA,1000,0,0,0,0,0,0,0,0,0,0,0,0,0,0,0,0
WILDER MORAIS,0,54750,17500,189043.88,189043.88,0,252943.72,0,17500,17500,54750,14456,57177.12,2000,0,0,74677.12
WILLIAM DIB,512365.12,142847.43,0,5314.48,5314.48,0,26520,0,141027.18,0,0,0,701762.6,4000,0,0,701762.6
WILSON FILHO,127590,0,49000,65521.58,65521.58,0,192140.44,0,49000,49000,0,25755,116619.39,0,0,0,165619.39
WLADIMIR COSTA,385000,19563.6,0,0,0,0,270263.6,0,0,0,0,295659.9,0,0,0,0,0
WOLNEY QUEIROZ,120800,0,0,42969.1,42969.1,0,0,0,0,0,0,0,544062.73,6117212.13,0,0,544062.73
ZE CARLOS,0,14927.87,0,0,0,0,830,0,0,0,14927.87,0,0,0,0,0,0
ZE GERALDO,6825,510688.99,0,0,0,0,0,0,0,0,412045,241513.36,1140058.74,0,0,0,1140058.74
ZE SILVA,6250,473422.06,0,0,9929.59,0,40545,0,0,0,473422.06,0,430180.3,272.94,0,111150,430180.3
ZE VIEIRA,43142.06,45500,0,2500,2500,0,36000,0,0,0,45500,166054.41,80500,0,0,0,80500
ZECA CAVALCANTI,0,0,0,0,0,0,11915,0,0,0,0,0,8000,0,0,0,8000
ZECA DIRCEU,515572.79,143862.2,4500,125502.94,134769.79,0,200021.38,12406.66,0,35500,97013.2,18500,540819.07,6871.48,12406.66,0,540819.07
ZECA DO PT,0,0,0,0,1e+05,0,0,0,0,0,0,0,0,0,0,0,0
ZENAIDE MAIA,0,38969.19,0,0,0,0,0,0,0,0,0,0,0,0,0,0,0
ZEQUINHA MARINHO,197775,0,10000,7500,7500,0,78686.31,0,10000,10000,0,491424.21,78508,0,0,0,88508
ZEZE PERRELLA,285535.28,0,0,0,0,0,83434.62,39655.15,0,0,0,0,393832.04,0,39655.15,0,393832.04
ZEZEU RIBEIRO,0,549312.6,0,0,0,0,50323.28,0,0,0,549312.6,14452.41,39591.27,0,0,0,39591.27
ZOINHO,0,0,0,22455,22455,0,99502.71,0,0,0,0,125000,576624.06,0,0,0,576624.06
NA,125000,9645.24,0,926661.07,926661.07,0,4936126.11,0,0,0,9645.24,220000,2558213.55,0,0,0,2558213.55
