user,ecletic,media_pop,news,old
slesarjuk,1133.8610374,5.70615356004,16,82
SheenaFee,4095.11965701,5.0930554452,22,49
Schimpansky,2750.07222244,5.35910199448,34,110
Tomolo,3878.38201638,5.69453056714,19,101
Angell0re,504.043256622,5.48519416969,29,63
jota_de,922.14803297,5.85279850863,36,75
hugoagogo125,1482.34138797,5.84060405678,15,97
edge_of_forever,1747.76256444,4.93581922275,13,58
Pap12345,0,5.01561311985,12,48
anggriawan,1732.97414193,5.5421998442,11,106
kaaaaaasia,2007.38380662,5.80477525883,26,112
manuellachagas,636.47436802,5.64966531021,11,43
pulaski_casimir,888.769990118,5.83539032701,32,52
daniel_CBL,2274.90385104,5.22447051833,23,76
Floyd_Zhang,503.053330315,5.58138131086,14,45
Pheronikee,907.746864875,6.08409973965,11,43
Satellite3405,1860.08916603,5.74092863386,25,98
SantoPayufo,746.234521841,5.3512267965,31,55
felipebugueno,563.254839932,5.95878387574,29,80
Roulyo,1510.58998782,5.64947586845,30,107
GrafGeorg,2942.4629957,5.18862970382,82,230
GPLdirektaktion,2500.49869413,4.86396800336,100,219
ehman_wee,2579.47401445,5.84278922327,24,94
Song_or_Suicide,2759.17937739,5.49863725067,15,43
Only_Comfort,942.253266795,5.84192847002,10,56
IronMaioo,696.51552409400006,5.82373425703,25,74
cardinalclaudia,4010.46749174,5.50364839091,30,113
Murfmcgirk,851.77670025,6.12139417701,10,104
blackdahlia80,3443.1730303,4.45878670028,28,82
roycifer,5152.01934433,5.21412143404,24,164
purplecheetos,2168.34735217,5.75142166694,27,130
Lollipop_xD,465.605853116,4.65244477903,12,36
at_last_ashore,1064.22270209,5.10035166289,43,70
Lilith_stein,743.84821967,5.51543665639,10,45
patrickdet,1751.44690985,5.87117587099,75,119
Satask,768.538658426,5.38538348057,27,43
Maniaucygana,303.371253494,5.98786897478,22,41
nuinn,1776.2077613,5.75140936668,16,152
Badr88,3497.59514303,5.77057305466,16,62
miilem,882.057930362,5.593045372,23,64
Kudoxik,967.420871369,5.42158132057,13,41
TasteTheLight,1207.45281193,5.78981288059,27,90
Rtpallett,360.137426173,6.11788241785,22,74
Riczmond,3873.91311985,5.4329703312,33,89
F666Moretto,1112.17791194,5.49905889642,25,123
emily_louiseee,234.562021445,5.93705998861,13,37
Zut255,1288.06688305,5.31318442062,49,165
bafcats,2402.79677087,5.78953324596,16,144
CruelDeath666,2991.13308036,4.52519793644,57,167
PamelaMoraes,1003.01216762,6.00107518878,10,56
ahorwich,759.211216898,5.49379944593,116,90
SophieA3,1240.89333475,5.90576102936,19,48
TheCrazyViolet,646.186488252,5.82516529532,18,87
shadowsurgeon,3032.81207791,5.28835368493,10,52
eicchaa,654.198363531,4.62037743753,14,84
amazeman,1373.59275745,5.79129854613,10,51
Hildurukhai,1101.21266069,5.70154199272,35,63
Akhenaten23,1962.55727768,5.22518541057,37,113
SuspBL,2151.88687969,5.20719410306,12,45
massju,2971.92768079,4.69357225802,96,207
earcos,2647.75115214,5.80242324462,26,83
domunited,1751.3288365,5.20977598836,40,103
cookieboo,2842.67032471,5.89403573466,25,88
ProfessorMadman,796.764513396,5.00340067572,39,47
SmithRNathaniel,1771.8957969799999,5.6065582484,24,51
Wolomolo,4054.85597168,5.33402326948,25,109
aboveandbeyond2,2317.79547101,5.5696704899,62,221
redxstars,2367.01693782,5.81566487571,16,61
HannahMulder,2765.21896196,5.52690014177,31,77
GabrielDeadHead,359.654720274,6.00953089054,16,52
Hannah171,2284.39945734,5.37207410066,27,93
foreverwounded,988.13750142,4.81477717996,28,131
ADi305,1427.00148463,5.28560927667,17,30
byAranka,1035.57631909,5.76270927375,32,45
alterdrummer,1063.1330511,5.85717960162,19,89
djominae,2709.87335948,5.46937484194,12,56
mrchngsnr0330,1942.81317342,4.73746415768,45,264
Inerciatic,1514.32167644,5.18803117423,13,106
Resalia,2671.47702915,5.7300167707,14,66
raulz1995,1268.51102357,5.74642175805,27,112
heartinacage9,1687.27065201,5.80957267731,19,74
BlazzyAce,1157.8681175,5.48233300786,20,58
paowerranger,3517.98607598,5.66820111268,62,125
iNadir,979.494631755,5.35247543174,15,57
DaddysLiebling,649.884727748,5.335768107,26,79
AlkoholixRex,501.730526682,4.32072225817,89,325
MelMelon,1553.72762671,5.2847171444,16,80
iamjunko,1339.40773771,5.43051835391,32,104
Corbet,1958.84585646,5.81320592934,16,150
Bartek777Bartek,225.374674625,4.23504002471,16,66
Psystorm112,1218.77540929,5.01950657134,36,80
PavelZagalsky,2314.80644812,5.35740374996,21,101
CzechMaT,1975.39672309,5.38187957704,15,87
Subwaycoffee,4126.47097816,5.38982951914,39,122
Josh_Sparra,3451.12769348,5.39957160639,21,248
cursarion,2845.48632226,4.74415997502,46,393
e-oneill,3651.60370753,5.61639737024,20,120
Heciek,1300.06864256,5.20021973633,17,50
november-x,2725.93738127,5.85360788896,15,71
BrianKerkhof,2462.58651396,5.63580930766,18,86
Durkium,1077.33066432,5.78548932995,21,42
retroferran,4521.13639487,5.52939758891,50,153
philllla,1672.36000144,5.77563619441,13,25
siete_extremos,907.329184376,4.65234150498,107,113
BlindJustice04,3079.56837094,5.09672992339,41,74
DarkAbaddon666,280.470167016,4.47565226831,29,77
boyfinley,3231.00682893,5.51036195428,22,126
philin1985,4177.12324849,5.27539159495,61,122
jobaid,1350.84393419,5.54225110574,83,169
Optokapler,599.543974275,4.91540210278,22,50
Rockstar_Rock,4613.27530817,5.61422590152,102,179
kimgunnarsson,2873.52726787,5.61870671797,60,121
Wino_O,1998.93348799,5.50204229807,12,137
OHYEAHwaffle,1362.28813996,5.92026767226,12,94
oskaralbers,2936.9853886,5.45087469183,81,122
GTxLaG,1304.02069786,5.37203871954,22,59
Bobb2k,1540.80424537,5.7289250313,15,62
nesium,1396.29214545,5.48318542693,78,96
KaitouShin,993.477522275,5.83838022069,29,63
michi182,636.118296428,5.88865829819,25,73
quel-droma,833.587342029,5.99466575767,42,46
hankster86,1110.83002945,5.76374691209,31,77
Roy_delafuente,1351.23203891,5.87288764959,12,84
iDNCE,1702.79709804,4.97014072543,36,101
ComradNero,1787.93802617,5.36338763512,64,104
Memphis13,1718.41929371,5.32497304849,54,132
Morttrom,3169.83923058,4.48404731621,41,104
albertofg1,384.3853855,5.84649017735,10,66
outerskye,809.193372494,5.47468215851,10,64
Zo_cat,3337.44045225,5.15793606362,17,83
kfadelli,591.935990903,5.7972323838,11,69
flicchic8100,1732.97151694,5.87171489955,30,98
ricardohenryys,1865.50627859,5.75239678657,15,51
Sofiyar,1229.68911726,5.94039519611,25,65
danielbastiaan,1418.55405607,5.7736338188,30,113
Pokolfattya,1004.81755589,5.01606432014,32,120
slave_guard,1275.51151777,4.33329750702,23,55
Asteeeeeey,841.433105813,5.48840104309,21,51
modern_thing,855.662984854,5.796869852,27,83
romobil,935.619794931,5.71404891158,13,99
skoldNL,1023.26003531,5.46730514434,25,67
bhodg1,1882.12639425,5.66402131866,31,106
Repka2,2799.76801814,4.86923895004,87,165
GinsengLag,1974.38636568,5.48820939159,81,119
adam85k,659.192332506,5.09676640931,11,38
Wiegman,1549.54963172,6.00728995512,13,74
JulianBaring,2905.87855875,5.84935810176,13,291
TommyAbaddon,1915.64255183,4.98681970272,100,170
mcgarritytwin,2933.52543616,5.92141218593,11,99
Reesie594,2170.35714122,5.65249375913,32,83
Kacperrrsky,388.530436181,5.39475432464,29,68
settingsun209,2063.86368573,5.53683151076,11,146
starsaregone,3235.21007463,5.5475531537,39,214
iFlashie,2222.96707528,5.38392188716,25,111
HeyNyla,246.515769714,6.21911705241,10,39
kongstein,4435.42908691,5.44040575483,61,123
pornobalken,1920.07233465,5.64733995221,77,198
TheMxM,3782.99911047,5.68380702222,42,199
hexikex,1781.72576063,5.72648545122,17,67
Angel-Kalas,855.428668364,5.81993493103,34,59
filmstheclouds,2664.79953025,5.42695813736,18,80
mistanorbo,2473.26984083,5.85442726307,21,54
raphunder,280.17307204,4.68598941069,31,64
HellKnowsMyName,1265.25265301,5.1320154166,43,109
VonRaukov,636.831934427,4.37329966789,17,77
Flecha42,2253.79942978,5.66215468593,32,124
Highlander42,4156.08068617,5.14296214702,95,216
jamraj,1338.77722774,5.47252672485,34,80
Edkaye,1622.7768609,5.1811279608,135,158
Schachter,2760.94178975,4.78626588817,26,144
Geccod,1163.87871193,5.59488461498,16,78
Clcassar,2101.89781451,5.35901192102,79,177
D000242,3229.69003649,4.94632249451,47,253
gusfenty,441.878185496,6.05316306795,15,74
izzybizzy3,545.3825183,5.44016352509,12,49
MadnessLove,541.270964083,6.00508085558,18,40
Vandelay1,1325.11260962,5.70317293618,161,90
jtolcher,1058.80500831,5.79475934571,28,104
edajj,138.337568012,4.30595930978,17,38
ARoundBox,1063.30936767,5.30539244963,39,101
nieQba,1295.19075146,5.46545685883,14,81
WesTuite,1862.65669969,5.85137024636,15,96
olofdahlen,1139.50321291,5.4887767964,29,40
pertoyra,2558.63602061,5.70340832804,18,86
Bloody_Merry,1468.93767814,5.55628628646,60,67
SurenaSO2,1050.90761541,5.7438356032,12,131
Pumpkinnsoupp,830.802778045,6.1376688182,22,49
blackenedktulu,1891.66455159,5.95253238867,14,136
sakeena,813.230017973,5.87804011671,18,92
coco-missile,700.958363324,5.81662741347,10,89
noosemagnet,3266.96110135,5.63964866559,31,103
Pawelgas08,451.121691299,4.71454786645,20,34
gingergirl1122,635.868344709,5.8968726144,37,35
ngawang_mojmir,1239.98101409,4.68218002955,10,98
jakectaylor,2463.45026409,5.19755651329,44,121
i8zVajin,1907.93145319,5.9148446249,14,152
Barus281,632.141108387,6.09592360809,35,85
immar,2907.86014722,5.3675303663,26,130
andrycan,953.205632234,5.55923716177,18,43
Suucharek,144.356950768,4.86427278267,11,58
MacL3an,3193.84795425,5.34124700633,36,188
Ska_ONline,2432.6517531,4.66513749409,44,18
forbore,697.703629836,5.78293208361,14,28
christiansuxx,321.830453136,5.65154490836,13,40
Nosniw,752.452550945,5.85045034999,14,65
carlygee22,1394.27689463,5.45589834724,18,132
PhilipRL,1021.99743577,5.37028258247,23,40
Lux_et_Umbra,620.402421305,4.40300271904,22,88
NocturnTF,722.962664484,4.92712315296,14,226
sebrandon1,869.681563266,6.04934900143,14,61
Stephangrim,2175.31889522,5.76524206595,35,44
Magdalinx,641.695074452,5.57774256814,18,46
i618,1988.4686683,4.91126822445,38,113
Suusa,1650.47527557,5.83872413228,19,96
shadedtactics,2186.7532079,5.79140750947,16,97
hunkydory,1772.87831849,5.70298659495,13,47
apa-thie,344.581900861,5.46705770471,31,33
RLM-XIII,1173.09631509,6.02484455967,71,74
okapia,2185.75266659,5.67600892906,10,182
impendio,2466.63196148,5.07792499651,40,181
AndreaNeonBlack,759.162385147,5.38209540925,79,92
rhubub,4094.52370316,5.35677889362,18,287
marcela_feavila,1443.22121392,5.75188138908,14,73
petahm,3074.99411823,5.72297970577,11,87
migvilla18,2853.45879405,5.46698581353,18,63
rebekkas,1915.27952478,5.21087368714,59,107
anxious__,853.982484698,5.7358488118,17,80
jontymcj,913.9677103,5.55122530714,15,40
ClosedHandsOpen,1131.62033025,4.62961865366,12,63
jpsnuze,3048.5111017,5.21758929255,42,165
rileyissweet,3834.10300045,5.71018215928,15,228
ananimal,2387.77186438,5.2947991582,38,51
cab2cr,2157.89252954,5.99977187844,32,242
luisbrandao,3151.26394309,5.27712179655,11,75
eliezermc,2168.15110596,4.89917170127,11,136
GerryMetal,820.956351602,6.1479241332,57,89
freddie0509,1000.00727478,5.84381573494,12,63
ShiroyukiHoshii,2811.96435904,4.54355944196,25,72
Jobree,1452.20436255,5.34531456569,22,39
percik,3890.42588334,5.5515752484,39,77
Brungalo,3765.04283445,5.29293943859,14,122
TheBigCoaie,954.723438021,4.53763392837,16,55
Zhest,2103.94215676,4.87251789714,11,49
Felix117,1361.28043819,5.80083886605,26,58
JakubMapiKowi,870.81543696,4.84278118191,13,40
emregngr,706.052354733,5.3713443426,22,18
kaitlinnnnnnn,676.38318901,5.24793996393,33,41
natalia_ki,4424.74065514,5.46808808619,43,86
elenbarkin,368.650696267,5.75741176872,19,42
blee383,1210.43838875,5.43941090533,20,134
00blixt,1159.49603209,5.53636206975,38,116
NLN89,3646.85318223,5.55618859878,51,88
JacksterD,563.146305284,5.59728445377,12,33
itsohsojan,565.556376362,5.88937787069,25,95
MattKossol,964.694857317,5.78457676694,19,86
RonMexico82,987.08269604,6.08438938716,21,86
Leandro2112,1412.41855078,4.87719313293,64,183
Dzigbode,2091.06160314,5.77237133058,28,61
basia215,2647.9444699699998,5.72265895411,56,178
bird_manderson,611.115503187,5.92918388411,21,49
guilhermebm,658.450831866,4.69104020591,25,96
finnch25,1029.46577716,5.49782490877,74,133
PetraBrkic,910.496027504,5.00536422897,20,67
Legofxx,591.31673156,5.84057813887,58,123
jmiburg,1778.77858423,5.77944521034,19,87
Lucian_Haze,3130.9678974,5.58987305938,27,84
maariduarte,653.022379197,5.10135758456,12,56
RafaelBiazin,1413.815056,5.70111540199,46,98
ChrisH619,3011.13911429,5.85243013507,10,45
Knees420,718.047143866,5.26766274634,86,53
better_zombie,854.448955906,5.61824579703,50,51
IndieEurope,739.325781796,5.97546419561,11,112
Sky_observer,2689.74754946,5.16668305458,20,134
neokrisys,4407.3320136,5.26488425361,74,141
michalhavlicek,1965.12268358,5.54464295461,54,115
joshdigit,1285.19204357,4.75788845007,68,65
Alphard_Claw,1750.42428086,5.21168297917,71,120
alice192823,1322.55628587,5.60046639424,16,99
Feltstickling,723.031800315,5.49323625702,23,28
joyofsoy,2985.23220963,5.46825902113,12,160
biurokracja,2236.60247482,5.00844981498,49,184
collard_greens,3585.97031935,5.48099993357,102,140
geeheeb666,1146.20482902,5.13615297776,18,102
beaer,1677.45249822,5.58625270249,16,84
gribnoy,1050.09129391,4.53430607966,173,171
petersmit2,729.317233256,6.06271790393,23,59
alexmaiden2392,632.671677102,5.41167022498,33,100
Quadruple89,1627.64582904,5.02613060454,29,80
hevil,3805.4332109,5.38189351959,35,80
siroghik,3585.51550585,5.06874723792,24,176
n3il89,884.062810249,5.89760962374,44,40
VivaSonata,723.524816905,5.3147636556,12,85
paperheadster,2983.59776057,5.65231339015,13,157
Ceashe,902.984968206,5.6426225708,10,92
fenderjbr,1384.13089436,5.53668170805,15,87
jerrodlarson,2371.08996517,5.54461246997,10,132
Kristinini92,1349.59684922,5.9609387677,19,115
lfcrule2,2576.37133753,5.78925822455,12,122
barbarali,3038.9801076,5.36773546232,11,47
doctorfondue,3248.86933655,5.31260451038,28,208
antoniomb87,2869.25908345,5.55560007157,25,173
mattisgodly,1499.691364,5.28538076681,22,80
Blocker00,620.86960689,5.8826344689,81,103
sairo_,671.946664244,4.23801265778,18,134
Cinghiamattanza,4371.49056257,4.82006610285,101,150
WAGHiSS666,2202.6978709,5.34857681749,112,222
newjillswing,549.99952965,5.55681124769,27,150
metteragic,1595.32012829,4.94154470858,11,54
CV4Vendetta,1821.30347851,5.77015250219,20,91
broonie,1690.50473189,5.47998860061,12,91
ArcticJacob,1571.2013081,5.83365124959,18,139
Mantelmann_Joe,977.999638622,5.45847075759,14,66
AcidAmmo,984.750880262,5.93256890293,69,63
ElFamosoDemon,3475.80321496,4.94363633147,36,113
DaysOfApril,2788.54333395,5.51022504994,16,73
bpcoakley,4691.31627965,5.49188242892,45,114
llJessell,973.022347006,5.68734237582,28,53
AgentZero,2781.64111119,5.40511029885,27,143
mistercarrots,1627.54585309,5.68002641541,50,67
extensa,3243.90666024,5.53661254685,64,84
Oswald_Lerman,1843.61995131,5.39195007108,51,72
JacqIndieQueen,552.822534885,5.51200418205,12,58
frozenxsmile,809.880882792,5.74767180008,12,56
DaanKandelaars,774.334544569,5.81226020987,13,42
metal_2fat,2927.37942216,4.87006306221,96,108
nikxp,2898.5054913,5.51110318525,18,57
Necrochicken,1112.44700222,5.60681605893,72,112
Hethierr,675.208381269,5.8409842429,18,42
najsi,1384.50695688,5.40374907272,36,101
ThunderMetal,1157.35451294,4.92980752755,64,106
200iso,3229.47673288,5.35993189143,22,118
markusska,2975.92410427,5.09964655233,10,71
civiyup,2092.6456921,5.46786285419,36,81
rusty2084,1740.10828127,5.85827734092,36,76
William_Motta,2341.06141105,5.65875312185,14,109
fiiiligranowa,362.48637835,5.45699157863,68,25
sndo,3182.29300221,5.45849819901,14,174
Tit-anus,708.320576318,5.6861731435,22,115
Yono,4003.81191221,5.53980654922,40,154
r3ym0nd,3175.9610431,5.44430757987,37,73
juanbm,2104.33804443,5.87222248604,55,199
gensteiusven,1557.3115083,5.7455542944,25,56
joker_meg,2172.20460018,5.44018044964,32,118
KelsonRangel,336.307826005,6.18773653017,53,48
caavis,1429.17722647,4.62897415832,27,116
NagiVal,719.047808931,5.48149550159,27,77
camiascosta,922.717889008,6.03150539349,13,35
Migeru-kun,467.320815836,6.05640218597,24,45
c0rvuslux,3042.06203278,5.55766060268,24,54
luiscosta76,1701.92378481,5.3764502801,14,61
paulo_costa,2007.75528442,5.51388985039,18,70
adriand88,1890.57944129,5.69570488126,51,106
Mmmirta,1441.666795,5.60176527053,38,78
Matman082,1003.20904933,6.09744873527,23,50
luckyneko,604.127066098,5.43477345716,18,24
lemmy87,3675.99096098,5.63949292544,19,107
Jodie_Poster,629.59232208,5.64728053033,33,69
mellamohugo,772.192183272,5.75654471717,75,84
Dread-Rooster,894.833683143,5.48093129377,48,79
arabonradar00,4560.95666216,4.68561469401,66,197
ddary14,37.5565239937,5.38581825525,27,74
juancarlos2992,764.586351926,5.31693957071,10,64
fridahaller,1542.94457482,5.60350979143,17,70
Declarator,1228.2736469,5.43416323801,21,51
Fahrengeit23,246.66487214,5.7458177576,34,35
RSimonele,894.369382413,5.50629725854,11,70
poisonrayn,1370.73923562,5.96061540359,14,53
RafaSecim,2175.62463755,5.7438350827,60,132
softblackstar93,4574.60417018,4.61011065024,42,112
earth2matilda,1553.75662237,5.38808494065,32,84
mikeziemer,1677.72797215,5.50905935185,26,159
Collar93,2114.70246416,5.57254173972,17,60
pingingg,1218.56791735,5.6995458365,63,39
mambolimbo,2586.78743373,5.64901682354,29,97
BeansReuben,2185.24193276,5.25856819271,50,138
jkgerhat,3060.40374885,5.5879606669,17,123
elhiberto,1045.24847946,5.27753605046,14,61
lynchland,2818.41927157,5.32206743439,172,140
idiot_dzhek,3572.44566593,5.22558167616,21,105
Boy_Void,3529.01771363,5.47158718159,30,253
raphi888,1137.34346157,5.77425745547,58,69
Metal_head85,1222.84595473,5.54257512174,15,179
shmp30,1534.41103537,5.47484116711,12,60
LonesomeHeroes,1783.3868268,5.30688494447,30,145
pleasefireme,4110.87876642,4.9635872173,70,109
JPfunhouse,1069.56582407,5.73417552839,13,86
cielasty,1775.78291663,5.24768647566,79,143
braker4,3808.58874868,5.63812930471,15,53
Nemesis_,1610.49005726,5.19946871598,20,372
Gorillawit,1299.01173792,5.34190520508,65,121
mysticswong,2049.44476433,5.34636795666,44,70
dreamer_divine,1401.58266843,5.56668661307,15,38
saturdayflight,1588.35792455,5.25472172329,53,139
erikiwi,3244.11118873,5.19804706262,31,114
PETTERWAH,3375.24852031,5.38974768786,17,75
VxE,3116.08378288,4.59246796209,23,29
meadisc,804.951431693,5.93913691951,28,51
hjertaker,4122.82830481,5.51946079159,33,95
lisa135,867.417057175,5.6371497181,34,38
lew6059,2276.24222346,5.73470759104,55,93
BramVerburg,485.378596023,5.40678821036,19,28
farmerbob814,2119.54054062,5.53023466862,48,74
Gabryk,1668.82993953,5.35897088246,41,125
sadwelived,2401.40689879,5.34551431919,28,57
gazza89,788.106869632,5.57244618283,24,103
SucodeCogumelo,1088.36048497,5.61906646496,27,58
rhyson,2503.81235021,5.66888826096,69,84
Hieronimous,3085.74928085,5.25519683697,25,123
crazyfish,1262.69764458,5.14252760197,45,68
LooperNor,152.808935582,6.0307370627,14,23
justin4est,1438.66792844,5.6881040998,11,96
snukesniz,1121.68832631,5.3846713109,13,47
pbwlf,227.507426778,5.25124451841,21,62
charly-manekken,1380.34246389,5.3289455271,52,82
sgonk,3529.42105217,5.62309694546,14,81
VERTIGO482,1128.16723477,5.63222096866,19,68
apmkk,2960.62572032,5.71368447993,10,52
BretanhaSpears,292.994367078,6.06953104904,17,72
libertine89,1890.48688517,5.6246996069,15,105
dfpox,2010.53899693,5.07600724462,89,115
keeperdelacreme,2013.74980755,5.67467626498,51,88
d_r_k,3798.78885103,5.30274149698,54,200
Putrak1lls,1339.6032196,5.75877243618,24,76
ltalexander,2928.67931921,5.48450934419,39,71
badseed333,2997.63009545,5.59599294267,24,150
feelingthemusic,3529.47065409,5.21202923343,43,117
TheMusicPillar,1211.04160457,5.87466532599,78,129
TheEccho,3804.87332287,4.85681325592,30,132
pickupjonathan,1753.69075545,5.72660258235,13,63
kukuth,885.091175638,4.1078719468,28,158
Dzinchan,3395.08500242,5.49997674983,10,34
puciii,1976.27959307,4.84102074858,35,202
nicoleang,694.183620832,5.95710586762,18,39
Jivah,1404.39373702,4.90381505547,23,59
juampioasis,690.61612642,6.04809303426,10,56
Mursu_666,1081.78162528,5.25469270317,21,129
kravounchky,2295.09698275,5.74251732498,16,53
glodnykojot,708.188406506,5.42404206784,28,37
brycejacobson,1417.19475725,4.92376946347,41,71
WadeA_G,2904.56097306,5.65368268398,36,76
snowg_,859.490698673,5.72649763767,22,63
paczek1991,408.432999207,5.57642460124,42,62
ithadtoend,2085.42722077,5.81385503882,22,58
Naishti,889.613899535,5.88479586531,27,151
The_WindWaker,2699.42714014,5.06550644969,19,146
iBotPeaches,2223.27673569,5.77749333963,61,134
deadonthestairs,3901.86088746,5.38873414541,31,168
johnnyvolume,3051.04550025,5.67912442892,29,167
bruniuhhh,1482.15835993,4.73981660403,18,125
J0aquim,1413.82041123,6.1508802106,43,101
Zythifer,2308.42458973,5.02706692095,16,128
dcheeno,3141.95091213,5.76128360217,41,110
maxmckenzie,1346.46289829,5.35338210385,15,49
LordCaseus,419.194499613,6.078464224,66,99
checudia,4293.51629963,5.4630944443,32,103
fadingthekisses,2209.40074029,4.92648967339,32,154
aiaiae,2489.85954181,5.42468099305,37,209
Hodneirik,1141.69862198,5.82918481545,20,52
chandelier_lake,600.511803036,5.39499332543,23,62
5h2,1752.70120548,4.75648260549,16,133
AnnaLaSana,2107.30991198,5.50577839874,25,91
Falling_D0wn,2502.76143009,5.69339947518,26,82
b_demarco,4420.26793456,4.89917786826,28,134
JokkeVeijari,2258.95069154,5.61038914763,16,63
Pingu_89,640.198502392,5.96030901686,11,41
Aarong88,1087.80538431,5.97760175827,10,94
ctieu,670.060212278,5.74456101926,26,45
PinkkiMiniHai,1443.98717268,5.10333742585,19,136
LastFmUseri,2641.66669792,4.88836764505,70,128
Zeralas,3429.35728177,5.53901599467,23,107
death-knight,2382.38222345,5.17777581261,11,133
gigigalaga,1243.09736552,5.75204043764,23,68
Siksak,1190.62417536,5.23041369841,27,78
isa_hm,1170.756825,5.80274154435,23,138
SvjetskaLada,1464.40371725,5.0191530601,29,114
Storba,1977.18551071,4.94308320937,17,109
hramost,2514.34038373,5.70225526675,15,58
bengoldberg10,2313.3708815,5.7497226216,16,88
ragazaa,2050.85475443,5.22599035674,11,78
minkamuminka,929.769723772,5.96224008438,10,38
nameless311,1316.6743931,5.71058066583,14,64
raul_alv,425.302729822,5.39997681698,20,68
SgtR,1120.98937565,5.53050152583,23,85
Raul_radwulf,2434.16733211,5.30688343188,22,91
ivanshello,4355.01634381,5.64831005182,68,216
evardsson,2990.75175249,5.16730928528,32,114
samgodoy,920.322641989,5.55030865525,45,66
games301,1745.96813406,5.49382224586,46,207
DrGonzoMike,1577.95071629,5.52104167332,14,103
Aradiadylan,1410.44512423,5.60888569027,54,149
italo_gomes,676.274023571,6.01258328404,35,73
skeenery,3805.61098822,4.52258404438,78,148
Seba0fm,200,5.3733397989,19,46
AngelicKitsune,1004.79749191,4.63740699269,18,76
holyroarrecords,4030.22826605,4.82228367794,29,151
krallik,2332.96607948,5.1861261053,15,119
petdmi,2221.07227358,5.49268274872,153,78
mkiernicki,923.567552873,5.65076953196,11,109
left4tron,992.379936432,5.45804703994,18,71
hockeymatt2727,1487.65052987,5.98309425035,21,115
Kerrsz,2524.54765831,5.76025258651,19,123
kryssmith,763.97444187,5.5411572129,17,118
Mpeutz,1057.76423134,5.78049456572,28,77
Stodd1,1648.55553522,5.73372010991,21,92
ggg00313,516.298218431,4.74413447609,15,49
hannabanana2222,1126.46965191,5.7346892797,25,66
howlsandrevels,496.796603986,5.77010532855,15,64
ShelluOP,589.017375533,4.43497053566,66,78
Niklazable,1097.52618652,5.26683281751,48,94
Bloody_Ocean,2794.32366876,5.40236968928,33,126
Organiz3r,818.037345377,5.76105082659,17,43
jesco78,1427.06379894,5.44698174182,119,52
AnubisMetalhead,4488.76105817,5.22961718547,50,121
Hellretik,1626.07394742,5.48495696557,43,81
snooopy24,1400.08498667,5.48008215722,32,110
nikah_richards,3483.57008355,4.98321135426,18,68
WRZB,723.344218091,5.72192752131,21,55
Atannia,2291.76618285,5.36348201838,13,125
DJLeeeT,3664.11694443,5.28003094558,86,109
anabomtorin,1743.97801582,5.41770060495,11,77
gitankoo,857.445520577,5.80928479972,21,80
mrdehate,2716.03464094,5.73069813023,34,117
Olallaa,2121.73801727,5.57771009824,29,36
PScalabrini,707.499640059,5.71347097563,18,79
cbo,3841.37967344,5.66846934183,20,103
CallieBarr,1853.08295284,5.45530680945,24,48
mangelou,1490.68439816,5.6223288314,31,47
El_Salvador7,899.414400535,5.92166087886,18,62
felipepio,1531.0220137,5.91407060096,29,140
nicoleypoley,1216.49035231,5.71780363101,19,47
Balmy_Night,3099.49168638,5.07702528889,48,93
DeLuxus,2132.04330502,5.35616924619,24,50
sersk,1847.05696054,5.89381632595,25,70
flamecards,1346.39706861,5.36890003001,36,122
Kiseop12,2248.97210624,4.86801517636,58,48
Nairium,1645.42614705,5.60578251251,28,79
Erv0,665.911915879,4.63305713071,30,102
Damita_Stev,755.604976378,6.07590395671,35,53
SinneDennisx,1719.40218335,5.48750187314,10,28
BuntaMello,588.060865678,5.88474933102,43,95
mark_howell101,846.48990461,5.7638074737,14,68
Sekret_T,942.21952696,5.76656909,83,82
Hennessy145,447.727886633,6.2000991442,13,53
leandrobones,507.797897071,5.3658109315900004,14,81
jenezza,1149.40802645,5.40458519137,45,87
rymling,2011.36587112,5.68625991837,13,88
Herhammer,936.364593739,5.46371167897,11,76
VivianeDanglars,3730.4726522,5.40927497479,10,119
Zizaco,728.60993911800006,5.25959643723,38,81
fromnanda,1241.48062191,4.97866400139,19,78
Juhkust,3901.28913015,5.84800705975,17,167
ilurvthekillers,353.21807733,6.01329606632,14,55
Theanimal22,1109.85811946,5.52623917905,16,22
Morronkopp,4736.91503209,5.03288537046,37,237
M-King-Of-Kings,630.407560251,6.16852718444,77,85
redjor11,716.184321625,5.94898190456,12,94
nemini,2697.60126943,5.48863225819,12,122
juuliaf,1038.80532,6.07529161395,38,91
squigster,1291.96095525,5.52037456621,12,46
jeffrd,762.927221646,5.82954713617,17,86
NickLocking,2671.23533931,5.76779207258,43,81
CaptainDoml,473.887189929,5.42874504686,11,68
fridabatman,1344.02982746,5.44577155599,21,82
nadia246,632.143056786,5.80914227613,22,39
dArktic,1386.60346005,4.24710957304,129,191
aL0k8r,2093.94877057,4.92590700447,17,87
aBAM,1567.06546363,5.68190106794,16,94
Lenty,1832.0598184,5.10896326795,41,118
optimusje,1559.43154446,5.58776401962,19,68
joered101,1129.15291251,5.49535574452,15,72
lionsinflowers,2150.33884826,5.45813853554,62,155
arissinha,355.60381382,5.71497788458,15,42
abcoal,692.650514093,5.87316304627,28,93
pig-pan,2411.32648404,5.6300643677,24,98
rocobain,2567.68404599,5.49389689948,15,213
Vlien,761.893679646,5.33827809435,13,48
canvasxx,280.811056286,6.05278924847,13,26
Psykowz,644.134005619,5.91151532401,10,26
ornamenta,2408.21442603,5.74499096732,16,128
punkasf0ck,3060.9515834,5.38905656418,19,60
jason68,1688.11298771,5.12162944858,23,370
AudiojackFM,3040.94930484,5.60639902186,35,150
LuckySword,2657.49785721,5.65862184387,22,81
sarowo,66.7821185036,4.61793005514,22,81
QueLynt,2430.43154043,5.50244428489,27,103
pullet,1725.01218698,5.94770410348,16,44
rodgersathome,1500.5307838,5.97111516449,12,68
ronnybrayner,841.277085243,5.6959286932,19,63
ShadeOfRust,1649.83364378,5.32930195909,15,105
MrsRoot4,3266.35376974,5.02586889779,35,218
larissamarinho,87.4145386298,6.15903000025,20,58
andre_vargas,2270.85225847,5.44240783211,32,204
DeathVocal,317.745179633,5.14196323061,25,99
fleshin2gear,1522.25751542,5.11332162459,16,134
Polli_D,1215.62363739,5.59786289182,30,70
blue-tea,2745.15517259,5.57134643874,24,82
JWolverineXI,29.0974921276,5.76381423758,20,75
grzankaaa,893.161725858,5.72599374863,30,45
chimpape,1615.08206655,5.45938879745,10,73
bunduk,180.60752232,4.72965004269,51,110
m0_orsen,2384.97041061,5.54441584844,12,41
Cajazz,3387.64120143,4.92143231963,27,60
lukin1982,1824.07653586,5.90376967569,15,172
Popiriam,1477.86272629,5.44919667382,14,96
apattetsolapp,2098.61190068,5.24818799454,25,148
Lexgast,860.187379998,5.08213157932,11,51
contrast,1962.36066738,5.38028871407,47,105
IcyDarkChose,1795.49850267,5.240207676,47,137
losangeles19,665.748383275,5.77912459623,11,44
Metalhead_99,1433.44962948,4.90930547563,38,179
lliisa,1259.01069252,5.61151365752,14,64
j0llem0narkia,1101.93810252,5.53694609588,11,41
naruankka,2036.23036706,5.43747606932,11,60
ridethewavez,2496.96683797,5.44132107599,37,86
kasia0es,1397.83869539,5.62829605737,15,66
jamesgreig11,1829.3805928,5.5093174331,28,53
bossefraise,697.084086656,4.83520726034,63,82
Solanel,1605.62321746,5.82378493267,12,147
shitman656,386.520708532,5.36675906722,12,51
luksy,2458.29444956,5.74044324884,30,81
BUCKTRICE,503.775763359,5.65493239547,12,80
h2squee,2024.37973512,5.64122386995,21,145
EndlessJokes,1110.65948168,5.519376386,27,65
Severian,1843.12113292,5.63308532728,18,81
Cottie1970,2022.12663424,5.76479003915,12,61
Rato_,2480.96875173,5.47714750152,48,96
PiraTarnovskii,808.349347702,4.13183998579,62,80
creimss,223.484955053,4.50051998241,13,65
Yorba84,3775.5705242,5.36472409155,56,182
nnnik,1318.56923614,5.77969986482,12,136
Mulu08,741.569656207,5.91995259514,10,40
Wulfo,2171.00941393,5.74440938999,91,137
NicolasKistner,1951.26483126,5.7625429015,24,98
VanyaFK,1392.29638438,5.68332164783,65,87
joaopmgoncalves,1329.20620976,5.22739942383,47,72
Maths-der-,2649.5065323,5.46446663536,10,153
auduman,2760.78715716,5.87625105094,13,110
CMG0828,1562.0324352,5.90157083752,75,186
splinterbungee,1558.87729247,5.65191859562,56,118
mybellemichelle,2731.82501583,5.77105717327,10,44
Sonika_,1299.40276514,5.17900564226,15,58
XtremeKh,3307.34935609,5.8017804184,15,164
runeei,2721.05770901,5.50963875126,23,58
alebo111,4498.55787169,5.38997857752,51,165
graciegr4c3,340.45373608,5.2859238776,45,82
JungeInStrick,919.920691152,4.92356819363,53,56
pdunham,3347.15777065,5.25588098022,44,148
bravemenrun,1865.43377214,5.52044771969,20,69
jahrmando,2361.46202399,5.22682379852,23,81
HAUSofJOHN,1305.74795396,5.48787053907,65,157
ElderKhan,2357.85863966,5.35778417186,29,48
metju17,2801.0243164,5.44521009887,19,145
psiloveNY,1549.68274395,5.65131031832,18,55
LifeSaverSheep,2215.84569979,5.23312631953,34,109
annarmstrongg,384.777059246,5.98383510379,10,34
caitanyaFT,972.775920516,5.60635143239,39,83
SeanSColorado,965.104930522,5.68464827296,29,91
jaspharvey,1541.44512211,4.9283176785,28,51
kari_hk,2472.16910438,5.39572049849,27,147
editorinchimp,1370.92300713,5.84383660358,22,63
LuisMBrandao,632.784125417,6.02244175275,37,73
PaVrud,841.613933533,5.7614594657,24,87
Oleh_rien,1491.31189747,5.54953620879,64,94
kiszka111111,1276.53167195,5.81562328529,21,127
jotkax3,2301.01974995,5.34501692278,29,108
Teddy97,3904.06251994,5.63368371158,21,197
sinceredynasty,1186.70711045,5.72486989155,23,163
cobmaniac,2829.63607174,5.01321978633,21,303
shablaman,2679.52683953,5.46056272534,76,146
RustedLeaves,910.9426112,4.89307936189,89,119
CrisMilk,4720.6489405,5.68642583772,11,99
Flown_off,3703.26917074,4.90294729985,14,91
derbierkoenig,581.449078572,5.10967240785,33,54
MauLeonRdz,922.843769646,5.68646328199,23,62
silas_six18,1006.96805241,5.78661510823,22,104
ovidijusm,881.076880792,5.14964900289,23,24
SP_NiXi0n,2358.45314309,5.48230851826,25,113
bealsdeals,572.885445538,5.98676398661,10,48
Shponglation,1767.16994943,4.66135699823,38,275
Urlach,1498.31279256,5.65648364055,19,80
Vargbroder,2069.01476308,5.4026489702,23,87
Mak-KEY,1962.5228444,4.66487163311,138,225
johndarkdos,1000.77197454,5.07141366684,11,105
Skart_94,1419.60876244,5.35023264704,33,116
_pluginbaby,2380.03891319,5.55499941592,19,201
msrivette,1507.05696369,5.86774493864,29,94
Musicislifee13,788.746453114,5.69203383133,14,33
eDhLemos,1398.3406497,5.85274590533,12,54
Leedbek,1982.43064841,5.58811301273,16,38
jocharhow,2279.85020639,5.78887518497,24,113
Jeremeyxvx,1346.98507994,4.80116153631,27,109
hibebeto,1764.55555474,5.57650851259,20,47
priscillaw,1566.91492599,5.74745882906,21,49
jflinkfelt,1086.62171799,5.60686125958,25,42
jdeutchman,1303.04903338,5.33181668409,27,125
ARELuN,865.383498349,5.09762594699,40,191
jorda0mega,2451.15532376,5.57118485347,14,60
JigokuHime,1704.4478897,5.39789264202,12,63
jhawks,2476.78747846,5.26974243021,19,62
jivemart,2536.43613545,5.57340917923,25,148
Korpsefvkker,3823.45615574,5.15862337962,15,179
Greenhamburger,1886.46113324,5.67557989366,42,110
spokedude,1103.00221241,5.68262702406,17,93
aBooster,1878.55572568,5.96272639469,33,142
its_lais,654.313665068,5.97313532423,12,37
Tatulec,636.472227772,5.21867134639,19,76
bwkisley,761.354302567,5.67819533123,13,75
gocomeback,1821.33709712,5.216825877,44,142
Pablo_IV,16.0647586595,5.63991226463,29,101
aldin14,1337.30665706,5.8479319129,63,55
milly5318,845.99275260700006,5.11642567839,70,66
leeshatron,841.787088112,5.8819479003,32,76
misio665,620.898889708,5.5071166377,83,67
Blackbird_Bart,1856.46585251,5.51429963857,44,70
ambersnowpants,2158.38923579,5.81977820728,16,135
joewellhouse,1404.57596344,5.40899126532,47,40
guushamann,4089.7958355,5.35268131356,35,126
Ms_Kat,475.119922851,6.01670349187,13,28
nsisx9x,1554.48955278,5.80393147583,32,102
rennya,3163.7922348,3.84609588698,38,356
djitchi,4556.54662987,5.02222167645,61,31
c4ligula,2360.79202135,4.97921942428,13,89
musicDotMR,2897.98632228,5.68839929743,104,135
Karla_0411,539.896154722,5.83022943039,18,59
Moomino,2002.21018048,5.56552088392,25,90
headtale,3696.89911512,5.59527022566,31,199
psj_83,4345.04726665,5.52584630225,17,188
olekluka,1759.40018729,5.55014483847,27,127
cuddlesordeath,2474.38588234,5.18686016175,89,167
Kegwen,710.789537232,5.27692971957,51,45
Lotuxx,3460.76793463,4.76012409103,42,232
poisonousgirl,1622.2164061,5.68218969195,20,53
gregmenti,2069.52723259,5.27352211918,44,133
bo_b_turkey,1756.23116213,5.21859768095,42,185
Ronnie71,2632.61848798,5.18985396464,22,135
MrMartius,496.639401256,5.26519836415,14,34
demonark,4975.548255,5.16314872186,15,58
imbrolio7,728.062968049,5.63759847781,10,83
Slowbrosif,822.546028845,5.2811838665,47,61
Censoredwashere,762.641407794,5.82228221781,16,137
disarm78,685.709059567,5.92355561858,12,101
TkdAna,95.1334765703,6.04362399346,16,33
robinsi2,3899.98218585,5.57175533502,28,271
paurina,3969.61091041,5.60001918565,10,102
Imperiet3,1929.60795133,5.7102396762,62,92
Alcobz,3017.52297851,5.59246891552,24,115
DedaBaba,720.352579342,5.74287053768,26,40
ReQuiem92,2383.71720134,4.92104168011,17,97
richiestyles,2337.49464658,5.81948768072,16,84
reglisschen,663.902183663,5.74792422533,50,60
artaphis,1622.43928185,5.31002163202,19,62
ScottMcG666,3626.17865639,5.42501221428,16,34
punkrockmatt7,2159.64202199,5.67215731155,73,193
outit,2526.28550691,5.44792122998,18,70
lindenhof18,2823.14722597,5.5753034811,11,184
nracklyeft,2517.85902487,5.61925528693,32,133
cincyroach,2248.07421952,5.7507463845,23,111
AnnjusPauls,1332.42075572,5.64953896528,25,73
justynaaaaaa,1259.09075082,5.88880017989,70,99
shallgren61,3065.0010086,5.65877948281,57,172
b-radhole,1399.8066869,5.77401395692,17,158
schwamp,3623.3551526,5.10078191293,75,148
Katha_2986,1850.0567161,5.34065027813,18,43
iron_sandwich,1836.61241332,5.55296195761,37,50
jH_,2353.26748293,5.30222968694,30,63
laurenopholous,2159.33851065,5.57719919829,13,117
Moon_spell,3537.80942517,5.38605013302,56,162
heymysweetheart,1309.07998317,5.62131897286,85,143
ceciltbrown,433.815844075,6.01079848795,23,57
LinKen,1850.76078092,5.15626600304,50,90
Dyomaeth,2032.10096983,5.15242356338,57,78
sawyoudrown,3074.46131755,5.41124383713,12,90
PaulDiddy27,1223.49358696,5.82645945582,13,68
letsplaythat,1351.03511609,5.63439983386,145,219
TiVolioBene,1133.05135082,5.52439396565,12,65
HeavySteeler80s,1501.58524881,4.78001794945,48,188
alisonluarie,1892.32672493,5.57452032671,47,155
Masztal666,833.372440295,4.41982123529,79,107
slashjps,536.34304217,5.93958777885,49,102
aortayou,1437.62032352,5.64915869292,35,121
BlackCadillacs,1426.51198863,5.7097465712,27,97
N-Ergy,723.717399527,5.53263159958,14,37
DjKnuXCore,1147.86723909,3.81444479873,11,39
plutilliuofull,934.738371146,5.88620297595,22,117
cake_w,1815.5471338,5.41883538783,34,103
niisujudbsk,585.32864347,4.82060814721,33,80
erikvt,1920.71080142,5.76123804026,38,57
ViolentVane,3535.35684444,5.1801312764,30,107
plasticdust,382.181524918,5.07680919022,16,42
hohofuckyou,1262.83077884,5.5443320584,14,87
PaperBagRecords,1204.35718911,5.76368417347,19,98
noretum,1422.08083783,5.40431818526,62,150
czart60,3143.26087604,5.29554631719,73,86
glorydm,923.23628132,4.95285780601,11,67
oliverjcobb,1433.21630569,5.82441200786,51,116
marvinfoxhole,2343.08461079,5.70612362469,13,103
housepenguin,579.611340657,5.88686122588,15,76
KarlDG,2285.75715629,5.57695770825,53,161
nirvania86,2641.39459616,5.69001943499,16,68
pinfantino,1994.10734359,5.1585992283,38,132
karusuman,1460.23480898,5.84873684908,27,68
gagapeterus,3107.60185475,5.30786231018,64,226
jiahw,4585.5477616,5.68678493424,35,138
Wajtek,1387.56150047,5.12133791707,122,115
kerby1990,965.582141597,5.10592789641,33,106
miss-skleroza,1899.36790206,5.46613919863,42,79
kevinmc5150,1032.10287458,6.10098679773,13,65
Mace84,1959.20808614,5.14254328465,11,64
agentsoul,568.074811229,5.44049269712,20,71
Jaaphoft,1356.65330058,5.84540146564,20,74
JammyMac,1472.94760877,5.64836476258,20,60
milamber85,1754.02273157,5.69887257261,30,75
friesoo,1917.18522453,5.70102433882,21,68
pujan,2310.34892709,5.78499934671,28,110
GhostToMost,1390.75160908,5.47272044075,16,94
GRiMSQUiD,505.344767557,5.57519581874,14,43
laura11,2674.14924414,5.88466509755,14,81
fodaseessamerda,441.09067827,5.73841393312,20,47
catherinegee,1926.92527852,5.82149174476,26,63
BlackCabDarling,2797.44598746,5.72337239127,23,88
antmanPL,1825.12584511,5.68076792972,25,57
AJReiman,3394.94197109,5.53124161353,45,186
saganfans2000,1498.08240865,5.95769570901,17,54
floreaboy83,4893.20842393,5.52511960271,11,110
clusterfuckify,770.373017404,5.75554598163,12,79
mu3sli,1374.2226583,5.47114689946,16,56
Marc1899,1851.15483154,5.89009975907,13,62
elevenperson,5410.64690684,4.86217307333,116,206
GuilhermeRFTT,1323.94486878,5.88816975517,22,47
Blkphoenix856,2557.0463457,5.64196111781,14,117
Arhielanto,4774.80554531,5.25537600553,14,154
afonsohenrie,744.765198047,6.04790011248,34,74
lizyazvac,1858.6143445,5.77795537383,16,54
badkins,3281.21344388,5.67323679594,48,145
pelzmanp,283.868501813,5.96830752289,11,45
emilson_v,3511.30864258,5.45109996212,21,67
gustavokb,594.816215823,5.54767009501,10,45
nicktyler,1155.38161695,5.73918459202,33,81
pateliqb,297.79597047,5.20883509245,15,46
AJRCxB,1658.28095452,5.05110108348,14,73
hdxcore,1039.31096997,5.63358433061,13,67
TenacJabble,1300.01967908,5.6939798591,26,106
SiCkneZ,1953.03520036,5.33154383817,13,53
bart904,925.828467803,5.69471840487,43,84
LuisSoeiro,1010.36290313,5.74889495271,58,132
sehgoes2,760.294526674,6.09547651949,22,118
FrankPollard,869.301847525,5.45304405594,30,53
defdef,3580.86318968,5.4823232622800004,21,75
deltawing12,2432.95409893,5.03549453461,35,206
meunierd,4600.68500529,5.14889549653,27,96
gutini,1360.02471778,5.5789970363,42,37
rzezucha,1048.9802649600001,5.87107781412,19,44
bajspunkalex,2843.75662333,4.80140285697,33,94
DemetriSophia,3284.36630075,5.79559437622,24,118
SLivik,1234.94968084,5.60177513438,37,209
Jdraco723,980.145889652,5.48950962328,11,57
Kizztronice,1502.14864814,5.65002718965,10,56
AntonioK,3789.55035411,5.30922284851,10,42
gregbosley,2968.97131518,5.78643176098,19,86
WillDWhite,957.481959028,5.14522909965,10,81
k8t13k8t13,1173.45693271,5.87094915409,24,49
Kwickett,1851.22240946,4.62607814001,33,124
naltsabui,1276.48793093,5.15097892224,20,44
SableUmbrella,680.599826424,5.48246458438,19,62
Tuber92,1266.7519286,4.74135763288,18,88
Lukasz1177,2123.78562108,5.39082356303,57,137
FreedomMori,1735.30104636,5.51045839972,15,47
Geerteke,1810.20927871,5.20646670231,34,48
20lbcat,3260.37956588,5.40143094696,27,90
sign93,1245.24818643,5.37359775813,38,77
pixelmatrix,3513.02666674,5.64065269248,54,134
Getbusyliving,1470.75315173,5.81882999207,15,75
katethegrreat,2855.39160292,5.66505899509,16,84
luumah,280.226212923,6.03974304295,12,54
TobiasKolb,3067.4506556,5.83116512482,17,68
GraspTheRune,2331.33306517,4.97501253723,75,132
Diesen,4095.24995545,5.32932845523,22,82
littlepapermoon,4195.38357261,5.22035399763,45,77
haddles,1162.25884109,5.90430273213,30,133
mattre,3383.46241405,5.58559932806,36,99
HelenWheels,976.398449845,5.823715169,11,92
bezmozgiezombie,732.188297874,5.34778148498,10,82
madmarxperience,4554.65908434,5.07846225613,36,186
StarlightRayne,1124.79659266,5.12710811068,14,56
naargrimh,3159.01080186,5.4151201932,37,84
damonzucconi,3827.34361336,4.94557021881,38,88
BrandonBurneson,3701.37168861,5.50822922823,30,72
cezzarus,2874.62868623,5.48601523311,104,95
lemanh,1979.39691476,5.51101184879,53,99
cgumbs,1736.72334875,5.58549491781,22,143
Jasminchen92,798.608305658,5.78710587216,15,57
PirahnaBreaks,3621.07084586,5.42628958841,75,211
nDroae,4440.10856217,5.07399656201,34,153
spacesh1p,1913.61081033,5.7883797639,36,156
chilichow,3923.12718165,5.094145442,61,416
Rykian,4382.71373917,5.19765311877,76,96
Mononoke-hime,2098.86156032,5.6933612605,22,73
jacksondmartin,1638.14180696,5.55749492646,38,123
richgone,4641.4216249,5.47759196709,44,144
delorayn1,1284.8779197,5.85387066648,25,81
allyellis,2609.66817133,5.79031645713,62,153
kimi888,508.568668296,5.47221777772,32,45
kbaudour,2387.19477184,5.48596350074,49,173
ShadowJkL,1504.37340901,4.54091936049,33,244
apowerfulbeat,1471.11590912,5.58754443745,12,75
Sesquideus,1094.6679517,5.16493041186,23,101
IeuEste,1497.79366759,5.39389952741,56,225
Central-Park,1226.4519155,5.54131846816,13,107
rudyego,4510.70307053,5.31603648546,21,164
h1nchm4n,368.234001609,5.53309808223,76,44
mariattack,785.834163894,5.077075928,13,120
futureancient,3309.51383078,4.47131001926,35,57
GrzesiekJ,3640.07535763,5.65094257345,10,86
malkstor,3906.46430451,5.22343806702,34,145
Fatally6Yours,4057.7931087,5.4471028878,63,102
sefirosu91,298.422016545,5.82367845797,10,52
awgoble,3144.83614687,5.6209314134,33,171
SnQfcch,1079.55920208,5.26326254548,41,69
buddhanilo,3065.13643347,5.3809830809,34,103
pedro_primo,100,5.71322699765,36,66
mlnctvn,1890.70763801,5.71164336532,30,91
powerthrash,2978.13940778,4.99047716194,58,201
Roownik,620.228722574,4.93279425232,18,107
beetchin,2836.39711135,5.5518463557,49,69
metalheart17,2234.11637014,5.30711761861,37,76
Schweigeminute,1754.06067844,5.60912309563,10,65
bref_smells,927.410012758,6.03248006415,65,114
mikey0630,2372.74632542,5.66929528358,11,124
Dannie92,3921.80797426,5.06992369671,30,80
POD90,637.791623649,4.70342094445,12,71
juusokult,1530.37060344,4.87873434375,91,208
Christiaan86,1545.54804068,5.69185546521,17,91
Minomol,2860.13683304,5.24578942447,121,225
leonardoknox,1631.76322973,5.47333527252,24,59
nightwatchera,2751.62069755,5.51984811745,19,89
Ricky6590,1550.45319755,5.84328238106,32,91
Henrik3600,1312.1726554,5.43482574695,16,62
Anne-Roudoi,2312.17873238,5.4612122663,54,127
Elis123,716.500764302,6.04499856742,63,133
blanphiphone,891.290940874,5.62045191664,48,111
Master33333,421.333931066,5.66644575519,22,39
gesaettigt,690.563559191,5.02326777514,19,83
future-haskell,1236.21036209,5.81750062115,24,87
Hutzon,1579.77796521,5.69291282952,41,95
mathiaslipgloss,3020.25632526,4.7427219114,35,113
breecarpediem,1110.85274793,5.92530554303,12,109
NiceUsername,971.819647816,5.89383782077,11,50
sallycinnamon_,928.790293211,5.96088638772,18,116
KofiAmoako,1180.93116084,5.78450903018,54,90
GutturalNinja,1947.1334242,4.70757119223,104,158
TheSpiritof88,3281.95435775,5.51166828811,10,81
saint_iris,426.222866814,5.42464903809,26,86
Gidgetr79,2360.29147715,5.27528158155,10,54
FronLius,1190.49342697,5.59345435669,30,71
micaelbromss,1689.47328722,5.36564647438,49,42
EvandarLind,3006.90005375,5.78877758909,14,81
matildasch,1642.58660818,5.58233748462,25,47
olschin,1251.61405865,5.34442296266,10,38
blackt12,2451.9512333,5.88213933501,18,42
ADTlolololol,692.961712252,5.00483376216,49,107
Pidt,1726.70339768,5.59282839101,47,129
damar47,3331.12821833,5.4187353386,23,190
julian-rango,1406.72521196,5.94419211864,13,52
Steerow,2175.03929597,5.5933330147,55,83
gottaluvthebpm,1897.2274879,5.83635456139,31,173
sanya_kiwi,542.012185859,5.82514706016,16,37
Cpt_Korea,582.504929791,5.96654954552,16,57
coldscene,1964.09185301,5.75444134446,17,115
infraviolet,2072.89653768,5.98832019956,22,77
Cookman,3855.2143062,5.64179340732,15,117
Never_Trust,4245.5861599,5.13656731931,38,134
p1hk5p1qer,497.429051196,4.36028925067,14,78
Colonel_Ingus,2214.11661854,5.61356430914,27,159
spasticbowels,2311.76636444,5.81732154181,35,118
GottfriedOetzi,1338.70310683,5.5089163605,19,84
GucciMon17,1668.17240859,5.60782416569,11,61
Philini,1601.25900536,5.05150180257,103,63
bobby_i,2287.14037609,5.10977743666,62,577
singinmatt13,1734.55156962,5.58367525462,22,56
Asphyxiate3,1356.55528651,5.29967468328,19,134
mjjcampbell,745.777591811,5.23568987175,48,122
octobermoon29,1603.74180119,5.03966889275,62,202
Nyo-kun,746.382708763,5.63355270702,19,36
Kamachoist,606.70562672,5.88807817859,16,63
samicbc,3158.17006885,5.52419371897,53,163
kianhee,100,4.59338260351,16,32
L_Gallagher,2692.85537156,5.07029586432,38,109
leftofthedial92,1120.53326486,5.55903104903,38,132
michaeldeol,3284.93000503,5.46801815807,16,83
skill_billy,550.127240552,5.95656805636,26,27
cstanding,892.815290387,6.05067493328,19,74
DjBoris,3909.02540393,5.01186103841,22,65
senne,3761.96825054,5.3297680189,14,131
peachoverlord,1993.00317464,5.58318499783,85,92
radioheadzealot,3782.00346326,5.69155353645,41,292
donkeyfagg,2085.2263884,4.96114372106,51,127
Gruz4ik,1037.48684138,5.03049238675,15,67
NuclearChild92,235.685471,5.02009512746,19,44
Wahrsager,1748.02007459,4.27894524715,12,72
